Workbook

Sheet Form Responses 1
A1: Timestamp | B1: Nama lengkap | C1: No. HP yang terdaftar di WA | D1: Nama lengkap pasangan | E1: No. HP pasangan yang terdaftar di WA | F1: Alamat domisili | G1: Alamat pengiriman | H1: Pengiriman | I1: Durasi sewa | J1: Unit yang akan disewa | K1: Username Instagram | L1: Follow instagram @sewasamamira | M1: Foto KTP suami | N1: Bukti transfer deposit | O1: Foto KTP istri | P1: Foto KTP suami dan istri | Q1: Column 17
A2: 45786.741 | B2: Irma khairunnisa | C2: 089601661537 | D2: Dicka nirwansyah | E2: 081324366585 | F2: jl madrasah 1 rt 26 rw 03 gandul | G2: jl madrasah 1 rt 26 rw 03 gandul | H2: Shopee | I2: 7 hari | J2: spectra dual compact | K2: irmakhnisa
A3: 45790.531 | B3: Nadya Wulandari Rahmadi | C3: 082295284178 | D3: Febryci Legirian | E3: +628117137420 | F3: Suvarna Sutera Cluster Dakota 16 No. 50 Kec. Sindang Jaya Kab. Tangerang Prov. Banten 15560 | G3: Suvarna Sutera Cluster Dakota 16 No. 50 Kec. Sindang Jaya Kab. Tangerang Prov. Banten 15560 | H3: Shopee | I3: 7 hari | J3: Gabag Maximo | K3: ayinshabrina | L3: https://drive.google.com/open?id=1WUwSgwIE-UB3ttSb9WvRnCg6qTnHMMIq | M3: https://drive.google.com/open?id=1cGbzaZh4OOVOwt9dHwX-evhkZm2bHVd7 | N3: https://drive.google.com/open?id=1LeNETdX8-VHkD16maD3SelFRImXKgzkM
A4: 45791.599 | B4: Susan suwuwaty | C4: 082211883368 | D4: Rommy Tandradynata | E4: 08111816809 | F4: Jl bsd sektor I no 66 | G4: Anggrek loka sektor 2.1 blok i no 12 | H4: Shopee | I4: 7 hari | J4: Unit baru momabae compact s+ | K4: Sansan_shu | L4: https://drive.google.com/open?id=1LSUncHpZSKUqB1iF30KOvTy0WqOZM9MY | M4: https://drive.google.com/open?id=1fTpG2A2v3S4CdYDwlB9-CXnl2Pniau9b, https://drive.google.com/open?id=150ErVuDNsI85oIzhI8bNEfBdFRxM_fwF | N4: https://drive.google.com/open?id=1b_z47WzwoJ6iZxSXgug7AAsmn4vvg-eF
A5: 45795.428 | B5: Devi Apriani | C5: 08121478760 | D5: Reuben Komala | E5: 081311447700 | F5: The Casilla Townhouse, unit B. Jl. Cilandak Dalam no. 22, Cilandak Barat, Jakarta Selatan | G5: The Casilla Townhouse, unit B. Jl. Cilandak Dalam no. 22, Cilandak Barat, Jakarta Selatan | H5: Luar shopee (JNE/Instant (order sendiri)/Same day (order sendiri) | I5: 7 hari | J5: Nevia milk warmer | K5: @isobelolita | L5: https://drive.google.com/open?id=1gA2yokVq4VuAf1ya0s60k6zqse7iLEOV | M5: https://drive.google.com/open?id=1UJgSVEDeDtLJO4KqA-DSqvQrSuoFx3nn | N5: https://drive.google.com/open?id=1ZZsfNApD30qXXfLhZ8N3wDKumGvR-fjW
A6: 45795.435 | B6: Mayang Gita Tamara | C6: 085768062295 | D6: Aji gustoponi | E6: +62 812-7778-0275 | F6: Cluster taman palem merah 6a | G6: Cluster taman palem merah 6a no 6 | H6: Shopee | I6: 7 hari | J6: Spectra dual compact | K6: Mayanggitatamara | M6: https://drive.google.com/open?id=1f4FTqpwuXut4Flv7Mwp--FU8ejF_UiLl | N6: https://drive.google.com/open?id=1gxRwqS3ghNp5nrj4devn3Nc6cdZHd5a3
A7: 45797.595 | B7: Erlita Triandini Pratiwi | C7: 081291810124 | D7: Erfikhar Fadhlurrahman | E7: +62 812-9862-3199 | F7: Binong Permai B-11/11 RT 04 RW 12 Kec. Curug Kel. Binong Kab.Tangerang | G7: Griya Muda (Jl. Inspeksi 2 No.1, RT.004/RW.005, Kunciran Indah, Kec. Pinang, Kota Tangerang, Banten 15144) Lantai 2 no B.2.1 | H7: Luar shopee (JNE/Instant (order sendiri)/Same day (order sendiri) | I7: 7 hari | J7: Spectra 9+ & Mom uung handsfree | K7: erltripr | L7: https://drive.google.com/open?id=1BQbdfzKOO_T1CEZESBpH9kUWCt-zsT2Q | M7: https://drive.google.com/open?id=1R8uuPoss1CttS0CV9L9tydsjGtyMhgkI | N7: https://drive.google.com/open?id=1y6HVHepgRdF4jGoGbXw7uZmjKPikTcpJ
A8: 45797.81 | B8: Mahardiani Beningrum | C8: 081287615055 | D8: Lincah Wahyono | E8: +62 812-9015-4205 | F8: Bukit Serpong Mas Blok D5 No 5 Jl. Raya Serpong Kilometer 7, Pakulonan, Kec. Serpong Utara, Kota Tangerang Selatan, Banten 15325 | G8: Bukit Serpong Mas Blok D5 No 5 Jl. Raya Serpong Kilometer 7, Pakulonan, Kec. Serpong Utara, Kota Tangerang Selatan, Banten 15325 | H8: Luar shopee (JNE/Instant (order sendiri)/Same day (order sendiri) | I8: 7 hari | J8: Momabae handsfree | K8: @dianbening74 | M8: https://drive.google.com/open?id=17AC54joHrskWGPPHeZhtE_gys-_kAJll | N8: https://drive.google.com/open?id=1gAQhsiEu5z5k5_cJ_Uf1yyMRwYS40aSY
A9: 45799.739 | B9: Gita | C9: 081211054211 | D9: Putra | E9: 081802535816 | F9: Jl. Syafiul Ikhwan RT 07/ RW 02 No 18A Jaticempaka, Pondok Gede, Bekasi | G9: Jl. Syafiul Ikhwan RT 07/ RW 02 No 18A Jaticempaka, Pondok Gede, Bekasi | H9: Shopee | I9: 7 hari | J9: Spectra dual compact | K9: @gitaavana | L9: https://drive.google.com/open?id=1cTE7q0UYRWyYatpjsFYZLGiL0SPQ2Cie | M9: https://drive.google.com/open?id=10PzLpJeQIPDTyKSWEX9LGulpht_c3N7i | N9: https://drive.google.com/open?id=17TbdsAxdC99tZ9vNeC4K1rZbDOoj90el
A10: 45799.882 | B10: Arnila julianti frahatini | C10: 089681478738 | D10: Wahyu hidayat | E10: +62 896-3848-8355 | F10: Karawaci, kota tangerang | G10: Jl. Pesantren 1 no.20 kel. Pabuaran, karawaci kota tangerang | H10: Shopee | I10: 7 hari | J10: Momabae omni | K10: arnilajf_ | L10: https://drive.google.com/open?id=1U4oeqvk1XkB65lH3Y8qq31muQ4ywCgQD | M10: https://drive.google.com/open?id=1gaIxrN1qXP40-jsFIzoSBfudyb7bBmOg | N10: https://drive.google.com/open?id=1TnlOhvylF7q39Uo_O6YtICB_GlFy6m7s
A11: 45803.572 | B11: Tika Dwi Astuti | C11: 085717924576 | D11: Eko Akhsanul Fikri | E11: +62 878-7190-0815 | F11: Jl. H. Kayar No. 36 RT 9/RW 6, Kel. Ciganjur, Kec. Jagakarsa, Jakarta Selatan | G11: Tika Dwi A (Kontrakan Umi Sur sebelah warung Bude Emi) Jl. H. Kayar No. 36 RT 9/RW 6, Kel. Ciganjur, Kec. Jagakarsa, Jakarta Selatan 12630 | H11: Luar shopee (JNE/Instant (order sendiri)/Same day (order sendiri) | I11: 14 hari | J11: Gabag I-Max Pro LED | K11: ticapricorn24 | L11: https://drive.google.com/open?id=1eNhBy16BhSnJr2uP0a7m9ZzJRcvwsqMM | M11: https://drive.google.com/open?id=1cIJU1GJF50XpSLD2IqDaXgHOrBYnpRJp, https://drive.google.com/open?id=1qb4PITcTZUH5C8JUPoupjWtxwe2D6aRf | N11: https://drive.google.com/open?id=1NSvhiOoZV-cUKBCidm19ChWbrinZvV5W
A12: 45805.577 | B12: Esa safitri | C12: 085828165137 | D12: Arpan | E12: 087840633411 | F12: Jl kh syahdan no 19A kelurahan palmerah kecamatan palmerah | G12: Jl kh syahdan no 19A kelurahan palmerah kecamatan palmerah 11480 | H12: Shopee | I12: 30 hari | J12: Pompa spectra 9+ | K12: Esasftr | L12: https://drive.google.com/open?id=199I7nSvN5Uvu0pbpZhrKEq8HL53me0CL | M12: https://drive.google.com/open?id=1L2tJOqcpRSO31Ztj1fks9F4XGwE9yzVf | N12: https://drive.google.com/open?id=1FSV4yMv-IyNkxDhrzAFlrtj9aom4E--K
A13: 45808.502 | B13: Ayuni Purnamasari | C13: 085966778989 | D13: Hanly Aries B | E13: 081977777009 | F13: Menaggio Barat 3 no.33 Curug Sangereng, Kelapa Dua, Kab. Tangerang | G13: Menaggio Barat 3 no. 33 Curug Sangereng, Kelapa Dua, Kab. Tangerang. 15810 | H13: Luar shopee (JNE/Instant (order sendiri)/Same day (order sendiri) | I13: 14 hari | J13: Momabae Omni | K13: Ochibi89 | L13: https://drive.google.com/open?id=1e2BxLF6nGo2Yo2SGVDIL9kJbmbLDdnyI | M13: https://drive.google.com/open?id=1A7AbaIwi59x_KLbnmbXk5pfvI6jDyfCh, https://drive.google.com/open?id=1i3cvb-fD_jj_--4aqVAtro0Sw-gGlYI2 | N13: https://drive.google.com/open?id=1yc0QJQdqDOKU5R_gpFntnF-5PZ-wSf0T
A14: 45808.523 | B14: Nova Yunita Sari | C14: 087771661914 | D14: Suherli | E14: +6289651079786 | F14: Perum kiara rahayu blok G1 no.4 walantaka serang-banten (belakang SMA ciruas) | G14: Perum kiara rahayu blok G1 no.27 walantaka serang-banten (belakang SMA ciruas) | H14: Shopee | I14: 14 hari | J14: POMPA ASI HANDFREE MOM UUNG | K14: Nova.yunsar | L14: https://drive.google.com/open?id=137Wv8WjKHPZA5N6s1U5-3Kg0U2kpxypE | M14: https://drive.google.com/open?id=1rNNngu_MEXndPoUJk2f5JSgfAzCdlTHB, https://drive.google.com/open?id=1qKdciVK6azPgVADhFvHCu0U5AC8xqcjc | N14: https://drive.google.com/open?id=1VrVVnTbcy3ZZonXfWc3E6MrePLErcGGc
A15: 45808.568 | B15: Titik Puspitasari | C15: 087734924514 | D15: Bahri Wahabi | E15: 082112442047 | F15: Villa Mutiara Pluit Blok F 10 no 19 RT 06 RW 09, Periuk, Kota Tangerang | G15: Villa Mutiara Pluit Blok F 10 no 19 RT 06 RW 09, Periuk, Kota Tangerang | H15: Luar shopee (JNE/Instant (order sendiri)/Same day (order sendiri) | I15: 14 hari | J15: Spectra dual compact | K15: tpuspita | L15: https://drive.google.com/open?id=17skqk6azwTQgse1qyIZff9qBG6IIHs-G | M15: https://drive.google.com/open?id=1hFl2xFeqUwa0uhK7GVtyF8Bf6X2AdiRE | N15: https://drive.google.com/open?id=19WOBwrkTQBCRc7MFaQqrLqIFJOHT2tQC | O15: https://drive.google.com/open?id=1-iY0wgl5ct7oJlZw3ajydbNn5zzTdq36
A16: 45811.664 | B16: Monica | C16: 087781754903 | D16: Kevin Andrew | E16: 081901231188 | F16: Apartemen Mediterania Marina | G16: Apartment Aston Marina Ancol, Jalan Lodan Raya Blok B, RT.8/RW.11, Ancol, Tanjung Priok (Tower C / 09 / BG), KOTA JAKARTA UTARA, TANJUNG PRIOK, DKI JAKARTA, ID, 14350 | H16: Shopee | I16: 7 hari | J16: Gabag Maximo | K16: louisacinom | L16: https://drive.google.com/open?id=1olFAOFPCt_IVmWdiO2Hx6BAeHVNdng5d | M16: https://drive.google.com/open?id=1dd8YMpNZLO2cujfJdn9KeMjugkkh74ee | N16: https://drive.google.com/open?id=1_-A5a02TqrvZBzrC4TrcHlORf_VB4v-o | O16: https://drive.google.com/open?id=18hYvYW_AmJ2ZM6RblhtHiNlbP3HwChdS
A17: 45813.314 | B17: Habibatuz Zuhriyah | C17: 085173220597 | D17: Hari Fajar Apriyanto | E17: 082298269527 | F17: Jl. Bandeng III, No. 106a, RT/RW 007/009, Kel. Karawaci Baru, Kec. Karawaci, Kota Tangerang | G17: Jl. Bandeng III, No. 106a, RT/RW 007/009, Kel. Karawaci Baru, Kec. Karawaci, Kota Tangerang | H17: Shopee | I17: 30 hari | J17: Pompa ASI Gabag Maximo | K17: @rifajarap | L17: https://drive.google.com/open?id=1sOahDj4s6I1VsDtmXGnYAwy3norlF0JF | M17: https://drive.google.com/open?id=10PhfSWOIvmrJ0s58rM5JJH5B3OLtmth5 | N17: https://drive.google.com/open?id=1fSl6He8j0oeYNRHnW3qjPEC0RyEBTxY1 | O17: https://drive.google.com/open?id=1gowrVq3Om19E-q2-jqvSB99oFaYK-9xq
A18: 45813.495 | B18: Agnes Christyati | C18: 082213798220 | D18: Yudhi Raharjo | E18: 081389969922 | F18: mutiara panongan 2 tahap 2 blok bb1no.38, serdang kulon, panongan, kab tangerang | G18: mutiara panongan 2 tahap 2 blok bb1 no.38, serdang kulon, panongan, kab tangerang | H18: Shopee | I18: 30 hari | J18: momabae omni | K18: @agneschrstyt | L18: https://drive.google.com/open?id=1Zsax98VoMTAMWRr0wkUBc_tLAg35q0fA | M18: https://drive.google.com/open?id=19hDJMYEM6fICnLtBie-CXrRAwJnDRy-p | N18: https://drive.google.com/open?id=1rgb19xltYgg416lawh0oZ2Wqk4ST8bo_ | O18: https://drive.google.com/open?id=1gTT0RsNBBZn6XUyJyoyxmu3-95bHy1Tp
A19: 45819.396 | B19: Nurul Rahma | C19: 082226286167 | D19: Nandi agung | E19: 082198933309 | F19: Cluster graha buana blok A1 RT 03 RW 14 larangan selatan kota Tangerang | G19: Cipondoh | H19: Shopee | I19: 30 hari | J19: Gabag maximo | K19: Nurul_rahmaaa | L19: https://drive.google.com/open?id=1MdQF7mIvGGruRU5si6pxj2sfzDXlur8D | M19: https://drive.google.com/open?id=17zNbxEaMc4x4034mzsAJlUO0RcluzSwd | N19: https://drive.google.com/open?id=1yz7soltM4D57ehA98Zz9aeVoaWn4Tyba | O19: https://drive.google.com/open?id=1zmsfDs6Rt7lPVCuQxOEEKiXIKsyMHa_y
A20: 45821.65 | B20: Farida Norma Yulia | C20: 081232244405 | D20: Faris Hamidi | E20: 087885293737 | F20: https://goo.gl/maps/9Ckvxk67MUkcVXPG7 Jl. Gr B. Utara X Blok GR8 No.49, Pd. Kacang Bar., Kec. Pd. Aren, Kota Tangerang Selatan, Banten 15226 | G20: https://goo.gl/maps/9Ckvxk67MUkcVXPG7 Jl. Gr B. Utara X Blok GR8 No.49, Pd. Kacang Bar., Kec. Pd. Aren, Kota Tangerang Selatan, Banten 15226 | H20: Shopee | I20: 7 hari | J20: Bebetons Neo | K20: @ridanorma | M20: https://drive.google.com/open?id=1ciuv6oA9s780N3lxU3oo15V3sOBnubxE | N20: https://drive.google.com/open?id=1pBxuoUL_IMBULj8rzFeyWLG8rxvCVHu_ | O20: https://drive.google.com/open?id=19FUGLQIAvVpR4GiLCDcQDkv_4xl3KAip
A21: 45825.809 | B21: Christina Hariyanti | C21: 081911304300 | D21: Hans Kristian | E21: 081946891881 | F21: Villa melati mas | G21: Villa melati mas | H21: Luar shopee (JNE/Instant (order sendiri)/Same day (order sendiri) | I21: 7 hari | J21: Pompa Gabag maximo | K21: chchch.chc | L21: https://drive.google.com/open?id=1uduwCDW1RCCYcYHoQquSjs1cUFY3eb5a | M21: https://drive.google.com/open?id=1M7XcaR2SuTFSbXDc6czJ-_lts62CKRCn | N21: https://drive.google.com/open?id=1gRqK3_nqaMT-beqadx2VNzqFBVKH1Yev | O21: https://drive.google.com/open?id=1-w4aoEOQMa_PsjhgZmoNy5k5XkHFXxt5
A22: 45827.559 | B22: Rizki Widya Herawati | C22: 081218994062 | D22: Raihan Mahendra Duta | E22: +62 855-9116-8367 | F22: Pasar Lama Serpong RT013/005 no.25 Cilenggang, serpong, Tangerang Selatan | G22: PT Indotech Karya Mandiri, green lake city rukan crown blok M no.17 tangerang | H22: Luar shopee (JNE/Instant (order sendiri)/Same day (order sendiri) | I22: 7 hari | J22: Gabag imax pro cup led | K22: Rissrizki | L22: https://drive.google.com/open?id=1LguCCx-0dy6vXa03UgQNtVX80dgHmr6Q | M22: https://drive.google.com/open?id=1bcdyguk1p-Rf1cXYt8fQW8osZarxZH7h | N22: https://drive.google.com/open?id=1UhusJYu5mZ6JCqkxhWIZbNO1yN_1z5gp | O22: https://drive.google.com/open?id=1jt8pOcl-NyqEoF0FdqEXTj0IehAi9o2n
A23: 45828.551 | B23: Jihaan Jullanaar Mazaya | C23: 085314901070 | D23: Mulia Ramdhan Fauzani | E23: +62 812-1841-8424 | F23: Perumahan Soditan Permai Gang Salak Blok D13 Ngadirejo, Sukoharjo, Kartasura, Jateng 57161 | G23: Perumahan Soditan Permai Gang Salak Blok D13 Ngadirejo, Sukoharjo, Kartasura, Jateng 57161 | H23: Shopee | I23: 14 hari | J23: Spectra dual compact | K23: jijullanar | L23: https://drive.google.com/open?id=1GUqS90VO33yKY7SoLLk5EuL_6xYapCFZ | M23: https://drive.google.com/open?id=1ojGkflwyC6s5s-wmEk1EY0bSTe9Xx8R0 | N23: https://drive.google.com/open?id=1gB0fM2_KZ4TAdnXUhvPBI5PXbOOzdTcl | O23: https://drive.google.com/open?id=1DP9mMLDxArjMYD65gPgkVd7fvy3S_JEO
A24: 45833.493 | B24: Novita Zulfadesi | C24: 085363834217 | D24: Walid Bimantoro Ray | E24: +62 858-1476-5636 | F24: Perumahan Pesona Lebak Wangi 2, Jalan Kelengkeng Blok C3 No. 24, RT.2/RW.10, Lebak Wangi, Sepatan, Kab. Tangerang, Banten | G24: Perumahan Pesona Lebak Wangi 2, Jalan Kelengkeng Blok C3 No. 24, RT.2/RW.10, Lebak Wangi, Sepatan, Kab. Tangerang, Banten | H24: Shopee | I24: 30 hari | J24: Pompa Asi Portable Mom Uung | K24: nvt.zlfds | L24: https://drive.google.com/open?id=1CWCTdMdavd9I0KocfsVcBYs_jx5eDDwQ | M24: https://drive.google.com/open?id=1f9sjQ8zy529Ug0TOubNIc7rFth_DlNKu | N24: https://drive.google.com/open?id=1lrw_IwRUXGnfvvp5aMuCDqIT1wYOU7nl | O24: https://drive.google.com/open?id=18jtfIRNMm24m_BUd8XNhDbhr6Cb1f_vi
A25: 45835.499 | B25: dini privea | C25: 08161924259 | D25: wahyu H | E25: +62 813-1552-8897 | F25: Discovery Aluvia Blok S No. 8, Bintaro Tangerang Selatan (belakang driving range golf bintaro) | G25: Discovery Aluvia Blok S No. 8, Bintaro Tangerang Selatan (belakang driving range golf bintaro) | H25: Luar shopee (JNE/Instant (order sendiri)/Same day (order sendiri) | I25: 14 hari | J25: Spectra H1 handsfree | K25: @dinipriveap | L25: https://drive.google.com/open?id=1NWkQAxp-f3UUAvwFOIn9THfHzMWWAiAu | M25: https://drive.google.com/open?id=1WlPFO2HUGr-GH2GLgcpyJEISob-Bjy4I | N25: https://drive.google.com/open?id=1j16Grytb3ksMT9gz_bSOXVywSXAlAdBL | O25: https://drive.google.com/open?id=18ajkGBkjSxDQeFxTPQtlJVxqaBrkf7SX
A26: 45839.95 | B26: Diajeng Ramadawati | C26: 08818099981 | D26: Gigih Prasetyo | E26: 085171533927 | F26: Jl. Damai No. 44b Rt. 15/rw. 2, Petukangan Selatan, Pesanggrahan, Kota Jakarta Selatan, DKI Jakarta, Indonesia, 12270 | G26: Jl. Damai No. 44b Rt. 15/rw. 2, Petukangan Selatan, Pesanggrahan, Kota Jakarta Selatan, DKI Jakarta, Indonesia, 12270 | H26: Shopee | I26: 7 hari | J26: Momabae compact S+ | K26: @diajengrmdwt | L26: https://drive.google.com/open?id=1hb7RfKeY2LoVfMcyU8LauB3fQi1kwVDC | M26: https://drive.google.com/open?id=1X_FFcS5DKneWwd1zwRvr7VsfZr2NF3rm | N26: https://drive.google.com/open?id=1YdpWwe8k9UDtsOCdLEg-3iGt0Hz7tZBS | O26: https://drive.google.com/open?id=1qBJrcesml0aCqZHnaCrk9cqI87NYf2wP
A27: 45840.416 | B27: Farrah Alizah | C27: 081294166544 | D27: Muhammad Hafizhul Arief | E27: +62 812-8864-6411 | F27: Jakarta | G27: Komplek Masnaga Blok D No 12 RT 016 / RW 003 Kel. Pulogebang Kec. Cakung Jakarta Timur 13950 | H27: Shopee | I27: 7 hari | J27: Gabag Imax Pro Cup | K27: byetoxicx | L27: https://drive.google.com/open?id=1wqBjB6ZH-5SLQwY7n2JijW1iQSdLBTkT | M27: https://drive.google.com/open?id=12meRA3WRTIdDHjqz9EAcZ51jyQMAuqar | N27: https://drive.google.com/open?id=1MbQNjdzWX4BOjx6mwumfs3Dh3Zhc9tNq | O27: https://drive.google.com/open?id=1awJcvUtz91TCGfUbl_vXhh5ObyCb_aCx
A28: 45840.627 | B28: Nur Qori’ah | C28: 085784573719 | D28: Ivan Dwi Santoso | E28: 081217076500 | F28: Jl Kh Thosin No 45A RT 003 RW 005 Kel. Sudimara Selatan, Kec. Ciledug, Tangerang 15151 | G28: Jl Kh Thosin No 45A RT 003 RW 005 Kel. Sudimara Selatan, Kec. Ciledug, Tangerang 15151 | H28: Shopee | I28: 7 hari | J28: Spectra 9+ | K28: qorinsane | L28: https://drive.google.com/open?id=1L0SR69eskL1kftA8cbAyFgIqxmV1AUD_ | M28: https://drive.google.com/open?id=1L68XAyig4n91bmtnGlJoVRs-XJ1ZH4E6 | N28: https://drive.google.com/open?id=1CYfQn8sYF6opS_YhTrblQGgjckGoWurW | O28: https://drive.google.com/open?id=1sXOsMQQKB5HMvUOPAOuD8eBpnuP19dgN
A29: 45843.557 | B29: Nurbani Syifa | C29: 085718526011 | D29: Indra Permana Putra | E29: +62 895-0870-8388 | F29: Pintu air no 22c Jakarta Pusat | G29: Terminal 2F Bandara Soekarno Hatta | H29: Luar shopee (JNE/Instant (order sendiri)/Same day (order sendiri) | I29: 7 hari | J29: Gabag Maximo | K29: @nurbanisyifa | L29: https://drive.google.com/open?id=1fePvAccdF2YijAUH56FigJ-U7hrSLrme | M29: https://drive.google.com/open?id=1gq7bY_g1fzyr3jWlImBEJHVbj-jJ3iKw | N29: https://drive.google.com/open?id=1y8p2VHW1_mxMLXMqMwBEN4ho_dLiI_Pt | O29: https://drive.google.com/open?id=1hI5KB8rh2jambA0pg4r2zPc0PQMYqKsM
A30: 45849.36 | B30: Widyastuti | C30: 081328752515 | D30: Stefanus yuda pratama | E30: 081382295962 | F30: Perumahan bumi satria kencana.Jl arjuna 3 no 10 rt 6 rw 21 kelurahan kayuringin jaya kecamayan bekasi selatan.kota bekasi,jawa barat | G30: Perumahan bumi satria kencana.Jl arjuna 3 no 10 rt 6 rw 21 kelurahan kayuringin jaya kecamayan bekasi selatan.kota bekasi,jawa barat | H30: Shopee | I30: 7 hari | J30: Momabae compact S | K30: Pungky_widyastuti | L30: https://drive.google.com/open?id=1VqFggbu6SamXgHLY6wYBaQkqIYrlwQuk | M30: https://drive.google.com/open?id=1x1D-Zi4eScM5RoP71AIwKLvcpu3CcOsE | N30: https://drive.google.com/open?id=1LOFgYLu9TbXZPN2tYKE2KzDeuKK8YoG3 | O30: https://drive.google.com/open?id=112Q59AgCBG1Vi1dyEsVpxiEqnRbKVAeS
A31: 45853.062 | B31: Intan fajriyanti | C31: 081226415566 | D31: Dani suharto | E31: 081226415522 | F31: Jl kenconowungu III/24 karangay semarang barat kota semarang | G31: Jl kenconowungu III/24 karangay semarang barat kota semarang | H31: Shopee | I31: 14 hari | J31: Mommabae omnie | K31: Intanfajriyabti | L31: https://drive.google.com/open?id=1Q3uiUFRQVXTDBZH_R64ZQchf-6bs99Tu | M31: https://drive.google.com/open?id=1ljMQ1tjk8QUKCixpsXPg8KdtrpHDv3V_ | N31: https://drive.google.com/open?id=1oP9H0CHG50_XodXbZa6rEm4uiiegyZVO | O31: https://drive.google.com/open?id=1HWodmuhw815R8uBYEfrxaIhqYvGask1R
A32: 45853.496 | B32: Ayu Titik Triwahyuni | C32: 087885340951 | D32: Theodore Christopher | E32: 082123823181 | F32: Myza Cozmo Blok F 3 No. 1 | G32: Myza Cozmo Blok F 3 No. 1 | H32: Shopee | I32: 7 hari | J32: Momabae | K32: Nonnaayu | L32: https://drive.google.com/open?id=1srHUF3jfZEGatcHlRvLKTqDzHy78Qdwh | M32: https://drive.google.com/open?id=1NXo02vXUcZc4ORenzmGj0_SY7L13vC-R | N32: https://drive.google.com/open?id=1wIUE5gn9ORImx7U9wYppdTWdxvVmNM9b | O32: https://drive.google.com/open?id=15W-IXej7rWM4NIs7andZkBRQTGT0UiJ5
A33: 45854.704 | B33: Putri Nurafifah | C33: 085781241222 | D33: Muhamad Hakim | E33: 085781241222 | F33: Jl H Ilyas No 86 Lebak Bulus, Cilandak, Jaksel | G33: Jl H Ilyas No 86 Lebak Bulus, Cilandak, Jaksel | H33: Shopee | I33: 7 hari | J33: Spectra H1 dan Omni Momabae | K33: @putrinurafifah | M33: https://drive.google.com/open?id=1WT_7UMU5SVpKLdU_rj1fJaVuDLJ8nO-A | N33: https://drive.google.com/open?id=1_tFOuy0ilQMuDjJvfgCDAJOpO8jFUjYa | O33: https://drive.google.com/open?id=1vovd8SS-hhx3yYuhwi0c2FdOhgmclHRi
A34: 45857.737 | B34: rizky yuliani | C34: 085349154900 | D34: Dody handayani | E34: 082298454446 | F34: Jl kh hasyim ashari no 1 pinang tangerang | G34: Jl kh hasyim ashari no 1 pinang tangerang | H34: Shopee | I34: 14 hari | J34: Spectra 9 plus | K34: Dhedeee | M34: https://drive.google.com/open?id=1mfLCCYqpHzIRwgWvPV8PVayjPYMYLF9d | N34: https://drive.google.com/open?id=1Lwow6zzVgnXnvV7xypOCZzDwXX-DVlC_ | O34: https://drive.google.com/open?id=15NTIYg96mqQf6AHgrOB_KAPr28wDkeEC
A35: 45863.414 | B35: Elok Nur Fauziyah | C35: 085853982429 | D35: Muhammad Dwifajar Sholeh | E35: 082332572026 | F35: Jl. Udayana No.57, Trawas, Mojokerto, Jawa Timur, 61375 | G35: Jl. Udayana No.57 Rt.11/Rw.05 Ds. Tamiajeng, Kec. Trawas, Kab. Mojokerto, 61375 | H35: Shopee | I35: 7 hari | J35: Spectra dual compact, momabae compact | K35: eloknurfauziyah | L35: https://drive.google.com/open?id=1zHkLe_AmYrBzBPxKHg8gHrrhCgXAjtOc | M35: https://drive.google.com/open?id=1LISqHlabNGtD_EDQ4s0Og5p4i-QmEF51 | N35: https://drive.google.com/open?id=1Y8_a09VwD4nQarhFCryaGL5_wT2uQYX2 | O35: https://drive.google.com/open?id=1U6gcZ8eUyxxLnm6nAc6odqcrSZ3RT-IF
A36: 45863.474 | B36: Juli | C36: 087788990656 | D36: Vic | E36: 085863231888 | F36: Sunter karya selatan 6 blok b2 21 | G36: Sama domisili | H36: Shopee | I36: 30 hari | J36: Dual s spectra | K36: Juli.fransisca | M36: https://drive.google.com/open?id=17iXIqVMPCigCRHsAgpkwv9UswGuGCfKx | N36: https://drive.google.com/open?id=1crujjpmv_vBulr7-NIgB2O6mIvPvzCmv | O36: https://drive.google.com/open?id=1NaaQek2MhlNt9rb4GWBpsNcBqFR_NTHf
A37: 45867.808 | B37: Shafira Rizki Ramdhayani | C37: 081292485452 | D37: M. Billy Darisma | E37: 082279818939 | F37: Apartemen Puri Mansion, Tower Amethyst Unit TA-06L2, Kelurahan Duri Kosambi, Kecamatan Cengkareng, Jakarta Barat | G37: Apartemen Puri Mansion, Tower Amethyst Unit TA-06L2, Kelurahan Duri Kosambi, Kecamatan Cengkareng, Jakarta Barat | H37: Shopee | I37: 14 hari | J37: Spectra Dual Compact | K37: shafirarizkir | L37: https://drive.google.com/open?id=1VJ2hBRlRTVKIZXLkkS9cQUxASKgOWXPH | M37: https://drive.google.com/open?id=1dUNsRiZxXkGEG7AMDbm4EHzYSqGm3eFf | N37: https://drive.google.com/open?id=16hVN63QK_irbfxatBjWerADO-RIfsyu7 | O37: https://drive.google.com/open?id=1BEZUTcGEOf2Ovhg_3OSuhb7AyFEql7m4
A38: 45872.53 | B38: Wanda Astuti Dirmansyah | C38: 081288047493 | D38: Wisnu Kurniawan | E38: +62895380431263 | F38: Jakarta Timur | G38: Jl Manunggal XVII No.17 RT04/11, Lubang Buaya, Cipayung, Jaktim | H38: Shopee | I38: 30 hari | J38: Momabae Omni | K38: Wandasd | L38: https://drive.google.com/open?id=15ho9IXNbDLv7GxUL8c37ueMqQxNq71Dw | M38: https://drive.google.com/open?id=1zGBOK0A9lg3aEZk5rfQrizUSJQXuJ80z | N38: https://drive.google.com/open?id=1yMtSElqmULkYQxdk0vtcEnqxABUae18o | O38: https://drive.google.com/open?id=16Oon5XO1cMO6ppcygECi1MZNWsG-0UvC | R38: Booking untuk 20 agst
A39: 45873.423 | B39: Nina Darista | C39: 089668982107 | D39: Muhammad galih permana | E39: 087831469115 | F39: Cluster pesona legok blok e no 18 | G39: Rsia pratiwi tangerang | H39: Luar shopee (JNE/Instant (order sendiri)/Same day (order sendiri) | I39: 7 hari | J39: Momabae omni | K39: Naysynder | M39: https://drive.google.com/open?id=1yFq2BaH66yV4TRbtnjrvDzA-MtqKVfHs | N39: https://drive.google.com/open?id=1C8tc70FTFBpfrKcGu4Cu78N3JUvr-iZP | O39: https://drive.google.com/open?id=1ttIRSbGOlbaQN0BemdBGHtjmYe8iVvym
A40: 45873.497 | B40: Khuzaimah | C40: 081210838843 | D40: Muhammad idrus | E40: 087808559430 | F40: Jl h mencong gang saji 1 no 20 rt 001/010 ciledug tangerang | G40: IDEM | H40: Luar shopee (JNE/Instant (order sendiri)/Same day (order sendiri) | I40: 30 hari | J40: omni mommabae | K40: Khuzaimah zema | M40: https://drive.google.com/open?id=1PCOTU2VgA8YaeKJTT4F1KxcbMOrp0DCs | N40: https://drive.google.com/open?id=1AaDV_HXOyWP_kyPSwthI2CQgezQk3obJ | O40: https://drive.google.com/open?id=1KXzmZ1deggOxOSPPeX02QayjNF63kZlg
A41: 45873.912 | B41: Xena Mellisa | C41: 08214330563 | D41: Kevin Leevanus | E41: +62 822-3080-0556 | F41: Royal residence cluster Winchester B10/101 Kec. Lakarsantri Kelurahan Sumur Welut RT 006 RW 002 Kode pos 60215 | G41: Royal residence cluster Winchester B10/101 Kec. Lakarsantri Kelurahan Sumur Welut RT 006 RW 002 Kode pos 60215 | H41: Shopee | I41: 7 hari | J41: Momabae Omni Handsfree | K41: xenamellisa_ | L41: https://drive.google.com/open?id=10iMSSQ3XIR_JScvAVA9VgIqnMNOohfsV | M41: https://drive.google.com/open?id=1e97S4dxoTB2BMjQTrA_wRLogUq5vrvYN | N41: https://drive.google.com/open?id=1090zxaRgAc_53ecplClqZjAYNCPyVpUQ | O41: https://drive.google.com/open?id=1GqiDwKLanQbAaH8Hb3HirmG6Y4aciHaZ
A42: 45877.371 | B42: Elly Setyo Rini | C42: 081365008178 | D42: Susetyo Raharjo | E42: 081316577001 | F42: Jl Bidara Raya no 27 Blok AG Sektor III Bumi Puspitek Asri Kel. Pagedangan Kec. Pagedangan Kab. Tangerang | G42: Jl Bidara Raya no 27 Blok AG Sektor III Bumi Puspitek Asri Kel. Pagedangan Kec. Pagedangan Kab. Tangerang | H42: Luar shopee (JNE/Instant (order sendiri)/Same day (order sendiri) | I42: 7 hari | J42: Spectra Dual Compact | K42: Ebsolutelee | M42: https://drive.google.com/open?id=18LS6hKa6JGqc-BQcIkpF3NEYRB0z8GXF | N42: https://drive.google.com/open?id=1ovqHA3lQ1TjLIcsYA7lwzeI49Byvp4h7 | O42: https://drive.google.com/open?id=1foSkscwZNFTJ5CZEPAtiVDdRGF2U1sAK
A43: 45879.653 | B43: Habibatuz Zuhriyah | C43: 085173220597 | D43: Hari fajar apriyanto | E43: 082298269527 | F43: Jl. Tawes III, No. 165, RT/RW 04/04, Kel. Karawaci Baru, Kec. Karawaci, Kota Tangerang | G43: Jl. Tawes III, No. 165, RT/RW 04/04, Kel. Karawaci Baru, Kec. Karawaci, Kota Tangerang | H43: Luar shopee (JNE/Instant (order sendiri)/Same day (order sendiri) | I43: 30 hari | J43: Momabae compact S+ | K43: rifajarap | L43: https://drive.google.com/open?id=1L1rW_qhZnBGmz5mYD7SV_pkqYpZmNC06 | M43: https://drive.google.com/open?id=1z2MfhvklkiK6mfdSbFoBfPdQ1ZvaiCcu | N43: https://drive.google.com/open?id=1OoII-ZfJaUfLdZYpDNkLyB_7yT_YAl7A | O43: https://drive.google.com/open?id=1wqxbrrwmrrqsAnnfM5BeP2wEtTKyGmsx
A44: 45880.712 | B44: Intan fajriyanti | C44: 081226415566 | D44: Dani suharto | E44: 081226415522 | F44: Jl kenconowungu III/24 karangay semarang barat kota semarang | G44: Jl kenconowungu III/24 karangay semarang barat kota semarang | H44: Shopee | I44: 14 hari | J44: Spectra S1+ | K44: Intanfajriyabti | M44: https://drive.google.com/open?id=1htXyEp3gEaUxkrtw5xNEPRut6JS3A0Fw | N44: https://drive.google.com/open?id=1liSt8a9WRNGj8-MPgYzwd78dwRLvH0G9 | O44: https://drive.google.com/open?id=1AbF8BkckD07Yhk6UEpd7kbm5oNJ2PYDB
A45: 45883.342 | B45: Septi Nur Aini | C45: 08993280638 | D45: Hafidz Anshori | E45: +62 812-8752-3108 | F45: Perumahan Metland Cibitung, Cluster Taman Cikini blok F7/3 Ds. Wanajaya, Kec. Cibitung Kab. Bekasi Jawa Barat | G45: PT Tiga Pilar Utama Karya Sentosa Jalan Jalur Sutera Timur blok 3b no 29 Perkantoran Alam Sutera | H45: Shopee | I45: 7 hari | J45: Momabae Omni | K45: @septy.bolang | L45: https://drive.google.com/open?id=1Ku-tNh2Omm_hDDj-6jmtGJ7vR92Wr4Z1 | M45: https://drive.google.com/open?id=1QpvsP8SJfwXSoMgHeua93P9Lf-0kGnJE | N45: https://drive.google.com/open?id=1Qiq-NOgWj_r3NobQngZMC0LPxAC5UBzj | O45: https://drive.google.com/open?id=1_O5DbgJ5bWSnQnx-yv-TPrZBnfvio9aJ
A46: 45883.368 | B46: Arrahmi Putria Muchtaram | C46: 081218942900 | D46: Yusuf Fuad Yulianto | E46: 087788000026 | F46: Pondok Kelapa No 61 | G46: Jl. Kp. Setu Gang H. Majar no 55, RT 14/ RW 03, Bintara Jaya , Bekasi | H46: Shopee | I46: 30 hari | J46: Nevia Portable Warmer | K46: amimuchtaram | L46: https://drive.google.com/open?id=1ixyvN2iIy7MjgWeZ29ECdNkvcGtAhLKZ | M46: https://drive.google.com/open?id=1azWCkbKfIhnOFOr_lLXS9LhAI65odqyG | N46: https://drive.google.com/open?id=1mLS4QUdfsyWmFTH1ghd_RFCVjDOdEPcM | O46: https://drive.google.com/open?id=1he9nVRMPyHBOzwSqLo1PtKZ5JK2FkrMl
A47: 45884.406 | B47: Jane Devina Malik | C47: 08125123311 | D47: Bobby Suharto | E47: 081234541388 | F47: Jalan Letjen Sutoyo no 40. Pare- Kediri. | G47: Up: Velda Summarecon Serpong Pondok Hijau Golf Amethyst Timur No.12 Tangerang 15810 081216215115 | H47: Shopee | I47: 7 hari | J47: Spectra dual compact | K47: janedevina | M47: https://drive.google.com/open?id=1sRRUbkVfV78hXhD8Nw3g5utkgWK9Sm_e | N47: https://drive.google.com/open?id=1Bti9lRbMDHfli-i5L-nWr_LVvEbC6cMx | O47: https://drive.google.com/open?id=1-1qmi4_gGHveiCn3LaQe41_wp_suQSjl
A48: 45890.543 | B48: Putri ramanda febrianti | C48: 082297956224 | D48: Pradiko roliwinsyah | E48: 081294202675 | F48: Kp Cijengir rt 008 rw 03 no 169 kel binong kec curug kab tangerang | G48: Kp Cijengir rt 008 rw 03 no 169 kel binong kec curug kab tangerang | H48: Shopee | I48: 14 hari | J48: Momabae omni | K48: putrirefs | L48: https://drive.google.com/open?id=1Q8TNSXHBxscTDGLLeGLxSpiy75bjzHvt | M48: https://drive.google.com/open?id=1_d9F7F9jCVWUQNtWhfF3wrgGnFEv4s5O | N48: https://drive.google.com/open?id=1Cm__a7_Ri4huopHK4fiVA_sSpZG7f-Mp | O48: https://drive.google.com/open?id=1QFXBEvgLhNCWcUz50h6aA4NHuckXwCVJ
A49: 45892.507 | B49: Suci Wulandari Basuki | C49: 081325982829 | D49: Madani Rachmatullah | E49: 085329001318 | F49: Jln.Teratai Blok G No.2 003/004 Neroktog, Pinang, Kota Tangerang | G49: Jln.Teratai Blok G No.2 003/004 Neroktog, Pinang, Kota Tangerang | H49: Luar shopee (JNE/Instant (order sendiri)/Same day (order sendiri) | I49: 7 hari | J49: Momabae Omni dan Spectra Dual Compact | K49: suciwulandb_ | L49: https://drive.google.com/open?id=1XkA0FWw2-KGb9tLIu6ow6T8afJ_nWWf9 | M49: https://drive.google.com/open?id=1IROOWnI4qB-OQ9TRoelvFsjmEx5DrTgS | N49: https://drive.google.com/open?id=1l1XefUJiPuB99kxRJkSbOoccgy2aGWdf | O49: https://drive.google.com/open?id=1XRR-7Lv8NpokVMvj0qO__Muvy8IvbBJh
A50: 45898.8 | B50: Yani | C50: 081298899952 | D50: - | E50: - | F50: Cluster virginia 2 no.8 Pantai indah kapuk 2 Kosambi - Tangerang 15214 | G50: Cluster virginia 2 no.8 Pantai indah kapuk 2 Kosambi - Tangerang 15214 | H50: Luar shopee (JNE/Instant (order sendiri)/Same day (order sendiri) | I50: 7 hari | J50: Spectra s1+ dan spectra dual s | K50: Yani.lun | L50: https://drive.google.com/open?id=1iGBKfE0BMApO8xTtl459n6yqQSXANwUi | M50: https://drive.google.com/open?id=1tgqsQ0pnPJ-JHOhwg8bColP0wc2jrcdj | N50: https://drive.google.com/open?id=1kSiOXOfNSrtZUMacMW5fd8r57ICjnIRH | O50: https://drive.google.com/open?id=14SPlWJQzRiIgdJeWbgda7RlSsc2ZiAXR
A51: 45899.337 | B51: Ayu Kumala Dewi | C51: 081382386279 | D51: Ar Rasyiid Akbar | E51: 081546075622 | F51: Perumahan Griya Serpong, Kademangan, Setu | G51: RS Sari Asih Ciputat | H51: Shopee | I51: 7 hari | J51: Gabag Maximo | K51: ayukahaf | M51: https://drive.google.com/open?id=1ccKxfvQKsleDfrEeUN3b9ucyMuUlmM6S | N51: https://drive.google.com/open?id=1LAZ9_XjQc5x2gt5WdxYFRxwNzpyLzq_Y | O51: https://drive.google.com/open?id=1xeuHMUCX_8QmZfUT9zpiFFtmMNxzlDMw
A52: 45899.949 | B52: devi susilo | C52: 081807347000 | D52: andy kristanto | E52: 08139637085 | F52: kana park Jl. Raya Rancaiyuh, Babat, Kec. Legok, Kabupaten Tangerang ( Maru E 1 no 10) | G52: kana park Jl. Raya Rancaiyuh, Babat, Kec. Legok, Kabupaten Tangerang ( Maru E 1 no 10) | H52: Shopee | I52: 30 hari | J52: spectra dual compact | K52: devi_susilo | M52: https://drive.google.com/open?id=16hbtnqjSOa-J2kgOz4pncllMlNtwRDlE | N52: https://drive.google.com/open?id=11Egf5TVoMs7FztIL1eUCYRs0laMwrFFI | O52: https://drive.google.com/open?id=16yxIh5L-J2-LDRvRdA7f86SjbDzGO1hX
A53: 45900.41 | B53: Arci tamara | C53: 082186669159 | D53: Razief cholidy | E53: 082306077775 | F53: Jl imam bonjol, perumahan saburai estate 421B, langkapura, bandar lampung | G53: Jl pangeran Antasari gg sadar 2 no 9, kel kedamaian, Kec kedamaian, kota bandar lampung | H53: Shopee | I53: 7 hari | J53: Spectra dual compact | K53: Arcitam | L53: https://drive.google.com/open?id=1kw_zml0v7F9FxhQ9vnGXBjhmNbJPglN0 | M53: https://drive.google.com/open?id=19OM4s1jFWj3Ry6YhbabQ92liyF0K0cJJ | N53: https://drive.google.com/open?id=1gV-mX9JopEOhEQGNgo_HBtR9OZpjnUkW | O53: https://drive.google.com/open?id=1XTqsGSY6JjacuQMVT4oCiQjjGAA6XufE
A54: 45901.444 | B54: Siti Nurleli Jamil | C54: 089658838628 | D54: Muhammad Abdul Ghovur | E54: +62 852-1871-6191 | F54: Gang Jambu Cipondoh kota Tangerang | G54: Gang Jambu Cipondoh kota Tangerang | H54: Luar shopee (JNE/Instant (order sendiri)/Same day (order sendiri) | I54: 14 hari | J54: Mom Uung portable | K54: Snlelyj | L54: https://drive.google.com/open?id=1MYezAYl680rusx-fu3grP1Iv5Ho2nn-G | M54: https://drive.google.com/open?id=169kUBGzRzHSdD-nxdbRsbqwkOKbRQMd7 | N54: https://drive.google.com/open?id=1cRbdtrfRCyXkNFRY89S9_Wdk-ODnMOMF | O54: https://drive.google.com/open?id=1N8uubE-PiszSWD8l4fe9z8nVjrznA7V-
A55: 45902.323 | B55: Fany Wulan Sary | C55: 081383349626 | D55: Dhamar Sakti Wiyono Putro | E55: +62 812-9575-5146 | F55: Kota Tangerang | G55: Kota Tangerang | H55: Shopee | I55: 7 hari | J55: Momabae compact S+ | K55: Fanywulans | L55: https://drive.google.com/open?id=1FJK1bPhiZGjVymBbfVVXhT0IVruFFeZn | M55: https://drive.google.com/open?id=134TchI-uJGJQ9ebDDF7jsucEmbTNaz0a | N55: https://drive.google.com/open?id=1hRln6VY4gXIFKKry197eVFa--otv-ypP | O55: https://drive.google.com/open?id=1ANT-ndd-WbPqFq61PVaLftsdDGezyEcb
A56: 45903.353 | B56: caessar malik koesmanawan | C56: 081389671058 | D56: Viviana rahmawati | E56: 087871117425 | F56: Poris gaga baru no 40 rt04 rw 01, kel. Poris gaga baru, kec. Batu ceper, kota tangerang 15122 Patokan sebelah sdit annur poris gaga baru (di depan masjid annur) | G56: Jl. Imam Bonjol No.38, RT.003/RW.004, Sukajadi, Kec. Karawaci, Kota Tangerang, Banten 15113 | H56: Luar shopee (JNE/Instant (order sendiri)/Same day (order sendiri) | I56: 14 hari | J56: Gabag imax pro cup led | K56: caessarmalik | L56: https://drive.google.com/open?id=1acYvpOaz5mQFb18wz4x_Fy9BOXa_0OsE | M56: https://drive.google.com/open?id=1PcQGwWNNQKDPS5K58bUb5QqtlFHBIIzO | N56: https://drive.google.com/open?id=1zUs0XkZPr8bOMijZRQw_2mLlLfBabfkI | O56: https://drive.google.com/open?id=1yPTIEHZUmEZ77SgH53xL1Lv-M62AU7eb
A57: 45903.378 | B57: Hartim Isnia Suratiwi | C57: 089623006722 | D57: Mohamad Reza Aliansyah | E57: 08989983241 | F57: Pondok Ungu Permai Blok AN6 No.3, Kaliabang Tengah, Bekasi Utara | G57: Jl. Bintaro Raya No.10A, RT.3/RW.10, Kby. Lama Utara, Kec. Kby. Lama, Kota Jakarta Selatan, Daerah Khusus Ibukota Jakarta 12240 | H57: Luar shopee (JNE/Instant (order sendiri)/Same day (order sendiri) | I57: 7 hari | J57: Nevia Portable Warmer | K57: hartim_isnia | L57: https://drive.google.com/open?id=1AAaZX8eOADUOC-vcGW60MKJtPCg3Qvng | M57: https://drive.google.com/open?id=1j1lyDPjIgP7LbXFOoEjHm4-ZZ2lzUo5M | N57: https://drive.google.com/open?id=1FH59j5eXS24ujM4nY6oazu2Ldfr5Ag6k | O57: https://drive.google.com/open?id=1Lj-zMDfN-i7wM_snG-XUVCBMYgHajzDH
A58: 45905.449 | B58: Rizca Paramitha | C58: 087888877095 | D58: Algiri | E58: 087722244195 | F58: Cluster Allura 18 no 27 Lavon Swan City , kelurahan wanakerta kecamatan sindang jaya, kabupaten tangerang | G58: Cluster Allura 18 no 27 Lavon Swan City , kelurahan wanakerta kecamatan sindang jaya, kabupaten tangerang | H58: Shopee | I58: 7 hari | J58: Spectra dual s | K58: rizcaprmtha | L58: https://drive.google.com/open?id=1a-nrUC0qFM2R4OsJYmnPLqRCfyXrze1G | M58: https://drive.google.com/open?id=1Zk_fY0ko47VQDlie_uWXLaLZYW1LhKpv | N58: https://drive.google.com/open?id=1A7lzCEU5IzzD4tDcoC_Q8fEgAd-8k_Sh | O58: https://drive.google.com/open?id=1dGePIkuHDXRjsgqH4fqvffTX35ea9cF-
A59: 45906.619 | B59: Valentine tjandra | C59: 081388113099 | D59: Clive reinhard eleazar | E59: 08119989482 | F59: Citra 2 | G59: Apartment ciputra international, tower amsterdam unit 10.10, rawa buaya, cengkareng (tempat kerja) | H59: Shopee | I59: 7 hari | J59: Momabae omni 1 pcs | K59: Valentinetjandra | M59: https://drive.google.com/open?id=1d-zO9QwOv9QPD5lSge4jYmXucDtqE7xz | N59: https://drive.google.com/open?id=1sTHhhHmmMFsmDlQ0wanNx0ZwWENwiEr2 | O59: https://drive.google.com/open?id=1UyenKc_UhPFYQbmhK9syR300LYOchTT5
A60: 45912.366 | B60: Yulyani Evi Ul Enja | C60: 081902122566 | D60: Zain Ardiansyah | E60: 08158557871 | F60: Jl Irigasi Sipon no 237 RT.4/3, Poris Plawad Utara, Cipondoh | G60: Jl Irigasi Sipon no 237 RT.4/3 Poris Plawad Utara, Cipondoh | H60: Shopee | I60: 7 hari | J60: Spectra H1 | K60: ul_enja | M60: https://drive.google.com/open?id=1SOT2EgcItyaam4-yDJ6G9PcLNfxrAG8t | N60: https://drive.google.com/open?id=1v8sK6MODyeSeY7T8gLKsGQKdGgGGBZ4q | O60: https://drive.google.com/open?id=17RN5pUZjs03sE176WdMvZsNVviLNOnMZ
A61: 45914.735 | B61: Tamara Clara Claudia | C61: 081219994669 | D61: Budiwiharjana | E61: 081280022469 | F61: Villa Regency Tangerang II Blok EA14 no. 24 Jl. Danau Tondano RT.003/RW.07 Kec. Pasarkemis Kab. Tangerang Banten - 15562 | G61: Mayora Group Headquarters (Global Marketing Lt. 5) Jl. Daan Mogot KM 18, Cengkareng, Jakarta Barat 11840 | H61: Shopee | I61: 7 hari | J61: momcozy V1 pro | K61: lalaclaudia | L61: https://drive.google.com/open?id=1-tKf8mDWpOq24TsT1qBytcI5gvwUNrnz | M61: https://drive.google.com/open?id=1qAyQoD5lSbXXYjtRhu7nI4eoXVPtTbWW | N61: https://drive.google.com/open?id=1qThU5-bJZLlVKmT5RpllAjCUdLN4PnQl | O61: https://drive.google.com/open?id=1eoMBEv4PK4CNhAJgeHZceFUQw8buMGwI
A62: 45916.302 | B62: Any S Alamsyah | C62: 085321525888 | D62: Tang Guo Jen | E62: 081312920799 | F62: Any S. Alamsyah 085321525888 Perumahan Puri Subang Asri Jl. Seledri Blok H no 05 (Rumah Paling Ujung) Kelurahan Sukamelang Kecamatan Subang Kabupaten Subang Provinsi Jawa Barat Indonesia - Postal Code 41211 | G62: Any S. Alamsyah 085321525888 Perumahan Puri Subang Asri Jl. Seledri Blok H no 05 (Rumah Paling Ujung) Kelurahan Sukamelang Kecamatan Subang Kabupaten Subang Provinsi Jawa Barat Indonesia - Postal Code 41211 | H62: Shopee | I62: 7 hari | J62: Swing maxi 2 | K62: @anysalamsyah_ | L62: https://drive.google.com/open?id=1RBxDBWFlE5j4JbGuYR3xcFfvX7KcO0LX | M62: https://drive.google.com/open?id=1Sxmjb2UWNJc-q6LRCw8T-F8V1_bhYux- | N62: https://drive.google.com/open?id=1X6lvudHUqylWb6fGUKnWxaDUyqvwAVYe | O62: https://drive.google.com/open?id=1F717MCvqpR7gnALtZ6OG95w2rXC2gCW2
A63: 45916.723 | B63: Fany Wulan Sary | C63: 081383349626 | D63: Dhamar sakti wiyono putro | E63: +62 812-9575-5146 | F63: Jl. Al-muhajirin 2 rt 03/10 no.51 (pabrik kerupuk pa makmun) kelurahan tanah tinggi kecamatan tangerang. Kode pos 15119. | G63: Jl. Al-muhajirin 2 rt 03/10 no.51 (pabrik kerupuk pa makmun) kelurahan tanah tinggi kecamatan tangerang. Kode pos 15119. | H63: Shopee | I63: 7 hari | J63: Spectra 9+ | K63: Fanywulans | L63: https://drive.google.com/open?id=1kZFEV7fong9h32i9jSv6sK7fubnY1GLi | M63: https://drive.google.com/open?id=1egqj1sJYN2Aoy96qb556s2PqHW-ViDJG | N63: https://drive.google.com/open?id=1_gVqZDII9ju5DeTGQnw0yjxJyo8h1AgK | O63: https://drive.google.com/open?id=1ak0-JFtXsTeAmnR7Uv-QPZDptiavp5QI
A64: 45917.408 | B64: Annisa Ayu C | C64: 0818644947 | D64: Aditya Pridiatama | E64: 6282151025324 | F64: Jalan Damai 1 no.71, Periuk, Tangerang | G64: Jl. Raya Pajajaran No.14 No 62, RT.002/RW.005, Gandasari, Kec. Jatiuwung, Kabupaten Tangerang, Banten 15137 (kantor kolabora filatis) | H64: Shopee | I64: 7 hari | J64: Spectra dual compact | K64: Ichhaci | L64: https://drive.google.com/open?id=1tmAhAtbFh_72c7KbEGRgscJXnSC6QTtz | M64: https://drive.google.com/open?id=1JvbC3FEjj3B8034TMAOsM0fWPtwr8fq5 | N64: https://drive.google.com/open?id=1htAUXhRi_E2X_TKrKwTJG3bgRRj0-9_g | O64: https://drive.google.com/open?id=1z8TrVIEqSZW8WaITdpzFkkWmZiaJ2ILn
A65: 45918.342 | B65: Syerra Riswandi | C65: 08999287812 | D65: Zulkifli Halim | E65: 08561397101 | F65: Metland Puri Cluster Oxalis G9 no 20 | G65: Metland Puri Cluster Oxalis G9 no 20 | H65: Shopee | I65: 7 hari | J65: Momabae Omni dan Gabag Maximo | K65: syerrariswandi | M65: https://drive.google.com/open?id=1AH-JZwa01MX4wqi2fgVFWI_FlgokHVJA | N65: https://drive.google.com/open?id=1f9zCHyQhbAZt779CSPFKZgJKstSiUhqP | O65: https://drive.google.com/open?id=1p7kypx6hz_EDzXfFyPilMODJHRRuouYo
A66: 45919.504 | B66: Leni anggraini | C66: 083875444494 | D66: Aren Kartawi | E66: 081298310191 | F66: Jl Sukarela no 20 , RT 001/010 Penjaringan Jakarta Utara | G66: Jl Sukarela no 2A , RT 001/010 Penjaringan Jakarta Utara | H66: Shopee | I66: 7 hari | J66: Momabae Omni | K66: leniangg | L66: https://drive.google.com/open?id=1U2fXVpPuJpelgGMtJIoQZtdgiiEbNGkJ | M66: https://drive.google.com/open?id=1XHW6jURlgZUcf8wdj3vTrb19QdHSBtOU | N66: https://drive.google.com/open?id=11EJm2imNzt0K5RebeoxX7QGtYdZyoT1N | O66: https://drive.google.com/open?id=15Oxy_L_1LaMeqUreL8_Z4WJ_9Q98fmHM
A67: 45919.508 | B67: Leni anggraini | C67: 083875444494 | D67: Aren Kartawi | E67: 081298310191 | F67: Jl sukarela no 20 RT 001/010 Penjaringan | G67: Jl sukarela no 2A RT 001/010 Penjaringan | H67: Shopee | I67: 7 hari | J67: Mom Uung handsfree | K67: leniangg | L67: https://drive.google.com/open?id=1G0556HKcFX2-sNuA1uAwv-L5yLA6tHg9 | M67: https://drive.google.com/open?id=1w_y5KxMbM6-7bVsO0Apf92DQa_vSxTCZ | N67: https://drive.google.com/open?id=1_ZJZqvuIq4FSTnwKBYPE-NrIgCAE6pix | O67: https://drive.google.com/open?id=1cQU1Z0KH2x__I1JUlUKc-p-BSRVa9mcN
A68: 45919.744 | B68: Fahira Ahyani | C68: 085718995755 | D68: Ahmad Pahmi | E68: 085891131528 | F68: jl kp poncol gang mandor keman rt.05/01 no 139 | G68: jl kp poncol gang mandor keman rt.05/01 no 139 | H68: Shopee | I68: 7 hari | J68: mom uung portable | K68: _fahiraahyani | L68: https://drive.google.com/open?id=1YOwZ8LbPRVUnHRi0CiewEE_sfkUGMJ2Q | M68: https://drive.google.com/open?id=17z3NeBZm8AjGJFV8yN_bIkkeT8KsMlNS | N68: https://drive.google.com/open?id=1ETlcyLVCHd6tF6nD3qCvCMDBz4ymzTri | O68: https://drive.google.com/open?id=1la_95TcUHg0cBV7IRNxwMXKdDKxFhtMv
A69: 45920.444 | B69: Yulyani Evi Ul Enja | C69: 081902122566 | D69: Zain Ardiansyah | E69: 081902122566 | F69: Jl irigasi sipon no 237 RT4/3 Cipondoh kota Tangerang | G69: Jl irigasi sipon no 237 RT4/3 Cipondoh kota Tangerang | H69: Shopee | I69: 7 hari | J69: Gabag Maximo | K69: ul_enja | M69: https://drive.google.com/open?id=14kXnvqj76Hlyb4pSoQK54QfkzCE-lXwA | N69: https://drive.google.com/open?id=190NxBKSDh1vFyHKHBAUVOgDQQQIsxsWa | O69: https://drive.google.com/open?id=1gkaqyIG-vX1eg-1qypppimziXonKFOmC
A70: 45925.522 | B70: Elisa Dewi Agustina | C70: 085854197624 | D70: Gusti Prasetya Ardi | E70: 087786205300 | F70: Kavling DKI, Jl. Sultan Mahri 2 no. 78 Cipayung Jakarta Timur | G70: Kavling DKI, Jl. Sultan Mahri 2 no. 78 Cipayung Jakarta Timur | H70: Luar shopee (JNE/Instant (order sendiri)/Same day (order sendiri) | I70: 7 hari | J70: Momabae omni | K70: Lisaadewii | M70: https://drive.google.com/open?id=1pB7ItucXQSQ-uSNsA69rKFb9gnMhBtra | N70: https://drive.google.com/open?id=1pRFlF11xH3fySvGG_BzzFgaAj_tVQOqv | O70: https://drive.google.com/open?id=1wXmgVJTuEx4fUMb3p_VmmsPQV-9iJufD
A71: 45925.628 | B71: Ismah Nanda | C71: 085865885520 | D71: Ponco Prasetio | E71: 085711417439 | F71: Jl H Aba No 29C, Panunggangan Utara, Pinang, Tangerang | G71: Jl H Aba No 29C, Panunggangan Utara, Pinang, Tangerang | H71: Luar shopee (JNE/Instant (order sendiri)/Same day (order sendiri) | I71: 14 hari | J71: Spectra Dual Compact | K71: ismahnf | L71: https://drive.google.com/open?id=17FjGPl8gmhGh9qAjgKZxi4hnXR7cUcgT | M71: https://drive.google.com/open?id=1j1sae80_AM66tefQFpQ-w5R4sACXUiHJ | N71: https://drive.google.com/open?id=1gsBeFKiHEQITJWc1a6Zi0VmBRa0c3TZk | O71: https://drive.google.com/open?id=1ROTR5U1dxQd1DQDcUXEudVZ3Hwc1K9fN
A72: 45925.668 | B72: Diajeng Ramadawati | C72: 08818099981 | D72: Gigih Prasetyo | E72: 085171533927 | F72: Jl. Damai No. 44b Rt. 15/rw. 2, Petukangan Selatan, Pesanggrahan, Kota Jakarta Selatan, DKI Jakarta, Indonesia, 12270 | G72: Jl. Damai No. 44b Rt. 15/rw. 2, Petukangan Selatan, Pesanggrahan, Kota Jakarta Selatan, DKI Jakarta, Indonesia, 12270 | H72: Shopee | I72: 7 hari | J72: Momcozy v1pro | K72: @diajengrmdwt | L72: https://drive.google.com/open?id=1JOLaa8QCPngHsZD00CYOPb2_NCzgLMbI | M72: https://drive.google.com/open?id=14hHJl3hhrrODrd--jaXECJjtdWuyYuZl | N72: https://drive.google.com/open?id=12vUMzHqsacjGOtgtIgp0eA66_uM6d0t4 | O72: https://drive.google.com/open?id=1nVcPVsL6qOZyZzswJpK2DzeMTW3oeK7k
A73: 45926.394 | B73: Yani Retno Rahmat | C73: 6281808517878 | D73: Suryadi Tri Dharmawan | E73: 6287838810113 | F73: Cluster Leonora, Jl. Leonora Barat 6 no. 11, Gading Serpong | G73: Cluster Leonora, Jl. Leonora Barat 6 no. 11, Gading Serpong | H73: Shopee | I73: 14 hari | J73: momabae compact s+ dual | K73: yani_r2 | L73: https://drive.google.com/open?id=1v_XmFGfbBXnnDuBLNrQ4_umbdSXcBXyz | M73: https://drive.google.com/open?id=1ZFftXQmtJNnyieSa_e6YishCrM_X2Kpf | N73: https://drive.google.com/open?id=1wDHyNHFxByQiKBvyBwa9cUBv62r8oYCS | O73: https://drive.google.com/open?id=15qJLNeJWfDDYUi5PlL84E9-ydQgXl1UK
A74: 45926.547 | B74: Andhita Dwi Alda | C74: 082112903598 | D74: Evan Rizki Nugroho | E74: 085642877495 | F74: Taman Banjar Wijaya Cluster Grassia B 40/15 Kota Tangerang | G74: Taman Banjar Wijaya Cluster Grassia B 40/15 Kota Tangerang | H74: Luar shopee (JNE/Instant (order sendiri)/Same day (order sendiri) | I74: 7 hari | J74: Spectra Dual S | K74: andhitaalda | L74: https://drive.google.com/open?id=1tXMChxNbNvI4YdIlDjKX3Ziie1KZ332r | M74: https://drive.google.com/open?id=1U_nxIOIz04N7jjn02SKMNsw4dvLDDkCK | N74: https://drive.google.com/open?id=1Ht_IMMV6xh-590vIMnq7LgRsz7WvN0V7 | O74: https://drive.google.com/open?id=1qRsyv3XrojJc4CkQ2m41Z_lAQgztxwrH
A75: 45927.429 | B75: Agne Leony Amanda | C75: 089518051698 | D75: Mochamad Erie Oktavian | E75: 089668822550 | F75: Jl. Raya Villa Tangerang Indah, Gg. H. Naibin Rt 004/001 No. 58 (Gang Sebelah SMPN 12 Tangerang, Toko Parfum, Turun bawah Rumah pager putih) Periuk, Kec. Periuk, Kota Tangerang | G75: Jl. Raya Villa Tangerang Indah, Gg. H. Naibin Rt 004/001 No. 58 (Gang Sebelah SMPN 12 Tangerang, Toko Parfum, Turun bawah Rumah pager putih) Periuk, Kec. Periuk, Kota Tangerang | H75: Shopee | I75: 14 hari | J75: Momabae omni handsfree | K75: erieokt | L75: https://drive.google.com/open?id=10KQ0xWLDqsTlWxvTyHf32AL5bw4rJNVY | M75: https://drive.google.com/open?id=1KuLvOEHAGAJrgvABHR1e5GwtdiIvbAN_ | N75: https://drive.google.com/open?id=1RU3R5WeIWRNIUc6hvCnn_ro9r-bGmMvh | O75: https://drive.google.com/open?id=1Dn4ZxYqV542wtIzvY1lcRGmi_R_zXwjz
A76: 45928.438 | B76: dila hadiputri | C76: 08111074313 | D76: Iqbal alfawwazi hakim | E76: +62 813-3356-8844 | F76: Perum Taman Asri Blok C6 No.14, Cipadu, Larangan, Tangerang (15155) | G76: Kavling hamkam D2 No.8 Joglo, Kembangan, Jakarta Barat, DKI Jakarta (11640) | H76: Luar shopee (JNE/Instant (order sendiri)/Same day (order sendiri) | I76: 7 hari | J76: Gabag maximo | K76: Dilaputri | M76: https://drive.google.com/open?id=1EohC9YyxLvMfAUqZ5aOizYQjbLYZZs5N | N76: https://drive.google.com/open?id=1jkvAkbzknUaRbvl5Om8m-T1B1YCnMoI3 | O76: https://drive.google.com/open?id=1eH-BVWG9D54TNvPmXVqx99E4NIanmE0i
A77: 45930.341 | B77: Septi Nur Aini | C77: 08993280638 | D77: Hafidz Anshori | E77: +62 812-8752-3108 | F77: Perumahan Metland Cibitung, Cluster taman cikini blok f7/3. Kab. Bekasi - Jawa Barat | G77: PT Tiga Pilar Utama Karya Sentosa Jalan Jalur Sutera Timur Blok 3B no 29. | H77: Shopee | I77: 7 hari | J77: medela swing maxi handsfree | K77: @septy.bolang | L77: https://drive.google.com/open?id=1yh76s01ESxCSkTx3AbiaMD7dLEsOaJuj | M77: https://drive.google.com/open?id=15SWAWVR5ZbQQxyvo74jlt7AMXBZl1XAW | N77: https://drive.google.com/open?id=1jIMPMCg_Fo9Nj__IRjYBhZpXzK9KfALB | O77: https://drive.google.com/open?id=1vzs9NcKn3t1i3H3gFDLUoANvLKFspL2V
A78: 45931.309 | B78: VIA AMALIA NUR AFSAH | C78: 082180883367 | D78: AHMAD MASGAR BINTARA PUTRA | E78: +62 813-8766-0375 | F78: Jakarta Timur | G78: Nama : Via Amalia Nur Afsah Alamat lengkap: Jl Siaga Raya no G-15 Rt 06/12 Komplek Dwikora Kelurahan Halim PK jakarta timur 13610 Kecamatan: Makasar Kota/kabupaten: Jakarta Timur Provinsi: DKI Jakarta Kota : Jakarta Timur Kode Pos : 13610 No Hp: 0821-8088-3367 | H78: Shopee | I78: 30 hari | J78: Momabae Omni | K78: @afsahhv | L78: https://drive.google.com/open?id=1ntkCr__H6capJ34vQ0eUQtyi-C4C0cF_ | M78: https://drive.google.com/open?id=1daTnnZI5VLDpHYeILkjyaHTfvZFqXqEy | N78: https://drive.google.com/open?id=1ms8dd0Hbu6EBHSnxRLaMEUaovTk4ROA_ | O78: https://drive.google.com/open?id=1ZHS0Ir5fYumvwoUEtGO-z9JAHJhUlzzX
A79: 45931.484 | B79: Resta mardiana | C79: 087738222238 | D79: Muhammad fikri haikal | E79: +62 878-2583-6394 | F79: Serpong Garden 2, Cluster Greenhill B6/22, Cisauk Tangerang | G79: HAIKAL Serpong Garden 2 Cluster Green Hill Blok B6 No. 22, Cibadak, Cisauk, KAB. TANGERANG, CISAUK, BANTEN, ID, 15846 | H79: Shopee | I79: 30 hari | J79: Momabae omni | K79: resta_mardiana | L79: https://drive.google.com/open?id=140g2PMX1BWjWa_52rmLujvyerPu5aVmh | M79: https://drive.google.com/open?id=1lsTHAjfuJ6xqvN0t3PUEaEnMwALxSrBK | N79: https://drive.google.com/open?id=1ksR4BTW25t1GSzXpsMxWd-pjaSZTum_l | O79: https://drive.google.com/open?id=1Jqrb55dIpM7cy2WwfXC5DwdtO12Ux554
A80: 45931.781 | B80: Camelia widya putri | C80: 081232051710 | D80: Rochmad hidayad purwantoro | E80: +62 822-6161-9803 | F80: Jl paus III No 19, kel Cilandak timur, Cilandak | G80: Komplek denjaka Jl paus III No 19, kel Cilandak timur, Cilandak 12560 | H80: Shopee | I80: 7 hari | J80: Nevia portable warmer | K80: Camelia_widya | M80: https://drive.google.com/open?id=1KbpPnJMaAEgZCTsF3zyA2BODongn5jJ7 | N80: https://drive.google.com/open?id=1nWeFtXqPt9mHeH4R3YQtgnzFa_ndcHrd | O80: https://drive.google.com/open?id=1yEwb5WPAUQZDznoW6yDnh9qavV8PzwQI
A81: 45932.629 | B81: Rizki Widya Herawati | C81: 081218994062 | D81: Raihan Mahendra Duta | E81: +62 855-9116-8367 | F81: pasar lama serpong rt013/005 no.25 cilenggang, serpong | G81: PT Indotech Karya Mandiri, Green Lake City Rukan Crown M No.17, Tangerang | H81: Luar shopee (JNE/Instant (order sendiri)/Same day (order sendiri) | I81: 7 hari | J81: Momabae compact s+ | K81: rissrizki | M81: https://drive.google.com/open?id=1dWVprA2xC3ilZAA8HlnxCTaTb0nCFoI9 | N81: https://drive.google.com/open?id=1RwHwEnY6A8v7Y6vimXPXVoY4Tx5goQNI | O81: https://drive.google.com/open?id=1Vt-IpGPJy2M3SOhzyNltoMaMnPMASPKj
A82: 45935.324 | B82: Athaya Putri Elfaiza | C82: 081285529311 | D82: Muhammad Helmi Rabbani | E82: 085695963278 | F82: J L PERDATA III BLOK B.6/5 RT / R W : 0 0 2 / 0 0 8 K e l / D e s a • SUKASARI K e c a m a t a n : TANGERANG | G82: Villa Tangerang Regensi 2 Jalan Danau Ranau III Blok FB 9 No 36 RT 04 RW 09 Kec. Pasar Kemis Kab. Tangerang 15561 Pagar hitam PASAR KEMIS BALARAJA BANTEN | H82: Luar shopee (JNE/Instant (order sendiri)/Same day (order sendiri) | I82: 7 hari | J82: Spectra 9+ | K82: Athayapel | M82: https://drive.google.com/open?id=1XkW2y7K0vGCrTi5-ijHEnkCuXFGi872M | N82: https://drive.google.com/open?id=1zemSZS1g95PNLHlxe28JBF2dZ8IDTvAL | O82: https://drive.google.com/open?id=1lxZ7m0N9IivXJJOTBUMzSGbQf43xsXLW
A83: 45935.542 | B83: Tjahya utami aulia | C83: 081287164778 | D83: Ihram maulana nasution | E83: 081286000330 | F83: Gading serpong tangerang | G83: Serenade lake, Jl. Papirus 1 B3-2 gading serpong | H83: Shopee | I83: 14 hari | J83: Momabae handsfree | K83: @dr.aulia17 | L83: https://drive.google.com/open?id=10DfXVX_y08oWf2ZFg3hby9P7zlQr48Vw | M83: https://drive.google.com/open?id=1VrIcYM9JcqEtKVzBJLt7ZgQjxsKasKVX | N83: https://drive.google.com/open?id=1n0C98E94-Djro-zf98piWlXiACpCtIQx | O83: https://drive.google.com/open?id=1iqg8S9fF2IZZMTmgFOG0a1YXBItRgVeH
A84: 45935.661 | B84: Amanda Dewi Salya | C84: 085823854448 | D84: Brema Alexander Sebayang | E84: 081285213755 | F84: Jl. Kh. Soleh Ali No 111 Tangerang | G84: Jl. Kh. Soleh Ali No 111 Tangerang | H84: Luar shopee (JNE/Instant (order sendiri)/Same day (order sendiri) | I84: 14 hari | J84: Mom Uung Portable | K84: amandaslyaa | L84: https://drive.google.com/open?id=1GLTp_CsA58nak3OjgYnIhk8vd0IohzxY | M84: https://drive.google.com/open?id=1YIorz4UsrSBzqE7Z-JwUnWY6g38O5ExW | N84: https://drive.google.com/open?id=1UAMvayTcr8pcLRu8yrcPJD1-U9Orugry | O84: https://drive.google.com/open?id=1aYi4T4747dLFdZD16KaErautsWMbrxED
A85: 45936.82 | B85: Gitta | C85: 081211054211 | D85: Putra | E85: 081802535816 | F85: Bananas Residence, Blok B5 No 3, Jatikramat, Jatiasih, Kota Bekasi | G85: Bananas Residence, Blok B5 No 3, Jatikramat, Jatiasih, Kota Bekasi | H85: Shopee | I85: 7 hari | J85: Momcozy V1 pro | K85: @gitaavana | L85: https://drive.google.com/open?id=1ue3Mr0En0WvOk1LOwtX7GNOZAjdUQiB1 | M85: https://drive.google.com/open?id=1VBwiLViZnVSgtd3dshPmWHaKuyo6Oeqe | N85: https://drive.google.com/open?id=1buDvX7dnxUd0U3oTL0Y1m9re8Rmf9fZU | O85: https://drive.google.com/open?id=1BkXsAZ4w8O4jtjxCZGifNW4oGy-sb2Tu
A86: 45937.44 | B86: Rima naiya tresna | C86: +62 851-9421-0482 | D86: Ayad kamaludin | E86: 081395316125 | F86: Soreang | G86: Bukit sukanagara resort Alona 4 no 7 Des. Sukanagara Kec. Soreang Kab. Bandung | H86: Luar shopee (JNE/Instant (order sendiri)/Same day (order sendiri) | I86: 7 hari | J86: Mom uung handsfree | K86: rimanaiyaa | L86: https://drive.google.com/open?id=1wmVbMASlgXBK6QrXLOPOd17ugeamvXMZ | M86: https://drive.google.com/open?id=1KXKCksHDKyAx1JSqcyteOS6Zt6C1vMDj | N86: https://drive.google.com/open?id=1HMpgLV9A1reibpy5cFJ3ZG4maK2I01Ah | O86: https://drive.google.com/open?id=10RL8n_NDucRIH8AQSsO03o-XwIqhcfTp
A87: 45937.628 | B87: Khalisah nur shadrina | C87: 085695831592 | D87: Khalid haidar dzar al ghifari | E87: 085946325422 | F87: Dasana Indah UC 5 no 9, Bojong Nangka, Kelapa Dua, Kab. TANGERANG | G87: Dasana Indah UC 5 no 9, Bojong Nangka, Kelapa Dua, Kab. TANGERANG | H87: Luar shopee (JNE/Instant (order sendiri)/Same day (order sendiri) | I87: 14 hari | J87: Bebetons neo v2 | K87: knshadrina | L87: https://drive.google.com/open?id=1C-hg-voFkZNLtklYB2dH9WD1wzF1LJ9m | M87: https://drive.google.com/open?id=184Zn8FMILO1KYjeWJMXY_ByKJWXCmXNo | N87: https://drive.google.com/open?id=1iZOF_k8h6F8DynW528964LTvunKYScNL | O87: https://drive.google.com/open?id=1Na182Xep-GUFUPYibhLttCyX0osDMlvA
A88: 45937.646 | B88: Magdalena janice | C88: 081218880139 | D88: Yulio junior | E88: 082177445276 | F88: Jl bisma 20 blok c 10 no 40 | G88: Jl bisma 20 blok c 10 no 40 Tj priok Papanggo Jakarta utara 14340 | H88: Shopee | I88: 7 hari | J88: Medela swing maxi handsfree | K88: Janeciajnc | M88: https://drive.google.com/open?id=1U3x601wTp6QCM0z76IKDcMNvv6ttoOdD | N88: https://drive.google.com/open?id=1nEp3dgVeMvjzJdkZCEyTXZdfhyjH9wPT | O88: https://drive.google.com/open?id=1B2_TqHudbQAIJG9W5aon8XNPsZM46P6-
A89: 45940.555 | B89: Annisa Mainurraya | C89: 085718093921 | D89: Satria Putra Wibowo | E89: 085647737769 | F89: Metland Puri, Jl. Bogenvil elok 1 blok F5 No 21 cluster clematis tangerang banten 15147 | G89: Metland puri, Jl. Bogenvil elok 1 blok F5 no 21 cluster clematis tangerang banten 15147 | H89: Luar shopee (JNE/Instant (order sendiri)/Same day (order sendiri) | I89: 30 hari | J89: Momabae omni | K89: Mnrypw_ | L89: https://drive.google.com/open?id=1zH4LxC8lz03R1wQPk8Gdnq0oRI7qHlMi | M89: https://drive.google.com/open?id=12i-JuTTKCh-emqTC55QLvrRbEBwdeRmT | N89: https://drive.google.com/open?id=1KeL82v4Mznha8mlq6OEa9WYrxdyHdysd | O89: https://drive.google.com/open?id=14K0UCdKIJgujhAPJDsElRVZGm_Cnu1Ul
A90: 45940.65 | B90: laura eugine | C90: 082252055402 | D90: Ivan setio | E90: 081818100800 | F90: jl kav dki blok 1 no 20A meruya utara jakarta barat | G90: jl kav dki blok 1 no 20A meruya utara jakarta barat | H90: Luar shopee (JNE/Instant (order sendiri)/Same day (order sendiri) | I90: 14 hari | J90: Spectra Dual Compact | K90: lauraeugine | L90: https://drive.google.com/open?id=1kag92oY-kGdVEuZO-QL2Cpk2J560Z9n9 | M90: https://drive.google.com/open?id=1FwbIwMz34mYepWah299l_ws0TnY-ocK2 | N90: https://drive.google.com/open?id=14y4Mk-GUSo3f07ZWhJ_kRy9o0b3ovXeK | O90: https://drive.google.com/open?id=1IkXQKMv2stTUg-iQEArZbAFrAFrHFAMG
A91: 45943.384 | B91: Any S Alamsyah | C91: 085321525888 | D91: Tang Guo Jen | E91: 081312920799 | F91: Any S. Alamsyah 085321525888 Perumahan Puri Subang Asri Jl. Seledri Blok H no 05 (Rumah Paling Ujung) Kelurahan Sukamelang Kecamatan Subang Kabupaten Subang Provinsi Jawa Barat Indonesia - Postal Code 41211 | G91: Any S. Alamsyah 085321525888 Perumahan Puri Subang Asri Jl. Seledri Blok H no 05 (Rumah Paling Ujung) Kelurahan Sukamelang Kecamatan Subang Kabupaten Subang Provinsi Jawa Barat Indonesia - Postal Code 41211 | H91: Shopee | I91: 7 hari | J91: Spectra Dual S | K91: @anysalamsyah_ | L91: https://drive.google.com/open?id=1xbk4Jx71qhJVR_2MvUQYSsSudzAOTZgZ | M91: https://drive.google.com/open?id=1sUItRjnrignlphKCLIs15Yccp-lLXN1j | N91: https://drive.google.com/open?id=16GoHdc4Uqeizbt0yL9gSAv0kmsUofbuC | O91: https://drive.google.com/open?id=13pnwsc7pjUaYdYAfCfjeX19lbxrm2oJy
A92: 45943.737 | B92: elsya adelia | C92: 085810603166 | D92: dandy permana | E92: 08567306118 | F92: cluster graha praban 1, no. 16, serua, ciputat, tangsel | G92: cluster graha praban 1, no. 16, serua, ciputat, tangsel | H92: Luar shopee (JNE/Instant (order sendiri)/Same day (order sendiri) | I92: 14 hari | J92: momabae omni | K92: adeliaels | L92: https://drive.google.com/open?id=1v45lqT4e7RnViyHNBGZA8iOhE-Cucy4c | M92: https://drive.google.com/open?id=1Q78GACmUMyH3doJIWI5utLS_ye_1HLS8 | N92: https://drive.google.com/open?id=19GDwnpIXnBuJx4pEaJZXnbaJbiu_aTUd | O92: https://drive.google.com/open?id=19up-FcNFGwKnKK1by1qeg90wTQy0RD49
A93: 45943.76 | B93: Candola | C93: 087838201383 | D93: Andre | E93: 081646946900 | F93: Green Lake City Cluster Amerika Latin 8 No 86 | G93: Green Lake City Cluster Amerika Latin 8 No 86 | H93: Luar shopee (JNE/Instant (order sendiri)/Same day (order sendiri) | I93: 30 hari | J93: Spectra s1+ | K93: candolaliu | M93: https://drive.google.com/open?id=1OvAVAOJDk-nIxMebA4eSPs2aLoX8fxdW | N93: https://drive.google.com/open?id=1N6jDL9VR6vgkH5j1QCitXi-Oco_aa2-R | O93: https://drive.google.com/open?id=1Y7ZFT6M5NxnfywNBhRpmnzrlvrWCazKX
A94: 45947.569 | B94: Sania Fatmawardani | C94: 085258516338 | D94: Achmad Salman Al Farizi | E94: +62 859-3362-1969 | F94: Bangkalan | G94: JL. pasar polowijo Ds. Sukolilo Timur, Teras BRI Labang Bangkalan | H94: Shopee | I94: 14 hari | J94: medela swing maxi | K94: saniafmd_ | L94: https://drive.google.com/open?id=1uiGRAGIe_3yqGMmgOTAaNo6cuFHyLB3I | M94: https://drive.google.com/open?id=1ZaycQ4xb-HmGVT0D5IJwBOE2njpfnRGO | N94: https://drive.google.com/open?id=1UFG3Ch3IDp_Dfnzi9CegLaw6u0c8T1Vf | O94: https://drive.google.com/open?id=1wi9Ct6S-1cLTL7B8QTr2_-SkbL-uPJJe
A95: 45948.555 | B95: Laily Fitri | C95: 082125355020 | D95: Dadang Sutisna | E95: 0895383099769 | F95: Perumahan mustika grande blok H7 no 22. Setu burangkeng. Kab Bekasi | G95: Perumahan mustika grande blok H7 no 22. Setu burangkeng. Kab Bekasi | H95: Luar shopee (JNE/Instant (order sendiri)/Same day (order sendiri) | I95: 30 hari | J95: Gabag Maximo | K95: Lailyfitri | L95: https://drive.google.com/open?id=1ZvUaZykMzSyMfhod0RMWNqRdqMlfmlgZ | M95: https://drive.google.com/open?id=1h8HQ5W6jfbVXqFdLzPI6OMBlwL77dvVA | N95: https://drive.google.com/open?id=17xl6F-GfdAva_VmWi7wF8sBnSjQ5tMSc | O95: https://drive.google.com/open?id=1GedswgSCBezA8NvfTqy_R_xHXr6mtFY5
A96: 45948.598 | B96: Nabila Tsabitha | C96: 082216921416 | D96: Taufik Adytia Nugraha | E96: 081111122297 | F96: Jl. Komplek Cigadung Makmur No.5 Bandung | G96: Jl. Raya Inpres No.81 Tengah, Kramat Jati, Jakarta Timur (Rumah Vaksinasi Pusat) | H96: Shopee | I96: 14 hari | J96: momabae compact s+ | K96: nabilatsa_ | M96: https://drive.google.com/open?id=1VGvGxZbkxHx3_96kAM2jlocCUSda7zAU | N96: https://drive.google.com/open?id=1KLZ2tzcQ3FeXtYt_oKdaBv6Li__x3B-Z | O96: https://drive.google.com/open?id=1j_uKAgJeEiHddXK8Tlp2TB-n1xhYIKgU
A97: 45949.473 | B97: Khalisah nur shadrina | C97: 085695831592 | D97: Khalid haidar dzar al ghifari | E97: +62 859-4632-5422 | F97: Tangerang, dasana indah | G97: Dasana Indah blok UC 5 no 9 | H97: Luar shopee (JNE/Instant (order sendiri)/Same day (order sendiri) | I97: 14 hari | J97: Spectra 9+ | K97: Khalisah Nur Shadrina | L97: https://drive.google.com/open?id=1AkIhAMbMuBhub88xSVaEcMTK-Gn_pFXm | M97: https://drive.google.com/open?id=1uL_B6Lk7mjRf00_sZjPdvoaj4XFxjTYJ | N97: https://drive.google.com/open?id=1g0kztD9lgejanb3gMa48891h_m_8MKRo | O97: https://drive.google.com/open?id=1woA9N6sLE-3mxxkSVjCWqTd7tQOjCwz0
A98: 45949.591 | B98: hadijah rahadianti | C98: 089630888860 | D98: Muhammad rifqi | E98: +62 813-8511-3132 | F98: jl.batusari no.80 rt 11/02 Batu Ampar Kramat Jati 13520 jakarta timur | G98: jl.batusari no.80 rt 11/02 Batu Ampar Kramat Jati 13520 jakarta timur | H98: Shopee | I98: 14 hari | J98: momcozy v1 pro | K98: vinnaalatas | L98: https://drive.google.com/open?id=1R5uvhOw-x_HLohd77NXsOIlUiaivYZpv | M98: https://drive.google.com/open?id=1iHEWg0HyjrY_kUnIdQKpWrw8QfGtCAdx | N98: https://drive.google.com/open?id=1M-ibSJ3riNdh9ADJnp94ZY_fY-XQK46M | O98: https://drive.google.com/open?id=1PnIPm1Rn8LvX69z120EzhKaHhd1hGqrV
A99: 45950.479 | B99: Tamara Clara Claudia | C99: 081219994669 | D99: Budi Wiharjana | E99: 081280022469 | F99: Villa Regency Tangerang II Blok EA14 no. 24 Jl. Danau Tondano RT.003/RW.07 Kec. Pasarkemis Kab. Tangerang Banten - 15562 | G99: Nama : Tamara Lala No. HP : 081219994669 Alamat : Mayora Group Headquarters (Global Marketing Lt. 5) Jl. Daan Mogot KM 18, Cengkareng, Jakarta Barat 11840 | H99: Luar shopee (JNE/Instant (order sendiri)/Same day (order sendiri) | I99: 7 hari | J99: Spectra H1 lite | K99: @lalaclaudia | L99: https://drive.google.com/open?id=1xGhQMktxHzK6agmxlaqd_aUU53V6Z-0l | M99: https://drive.google.com/open?id=1jIhg1uqM_HV8-FTqhHqSV3SJ_vkKmhQg | N99: https://drive.google.com/open?id=1rRT0ZJwU8oZoiF1_8IEfhYflFyI99pKI | O99: https://drive.google.com/open?id=1IZIoWkEoniI7-BvHhX5oYpyiAAIZknHy
A100: 45953.475 | B100: Mety Anisa | C100: 082260283839 | D100: Haris Fadillah | E100: 081213504895 | F100: Jl. Pengadegan Barat V No. 17C RT 010/ RW 007. Pancoran Jakarta Selatan 12770 | G100: Buni Residence No. 78 RT 002/RW 004 Kel. Munjul Kec. Cipayung 13850 | H100: Luar shopee (JNE/Instant (order sendiri)/Same day (order sendiri) | I100: 30 hari | J100: Momabae Omni | K100: metyanisa | L100: https://drive.google.com/open?id=1tGdu5Lld2TeRSOUQ7Cf7_IoCjCMb5tUD | M100: https://drive.google.com/open?id=1Ez4vML9NzXbJSnipmduwPb-ZyyVSgiji | N100: https://drive.google.com/open?id=11BzMBT4wFJmvghDIun2z0ImsNcXIhJLX | O100: https://drive.google.com/open?id=1iM7eeYDpCYAzo86J7Ar4Rn6gV_WqED_Z
...

Sheet Stocklist
A1: 1 | B1: Spectra Dual Compact 1 | C1: In | D1: preloved tahun 2021 | E1: Back 4 maret
A2: 2 | B2: Spectra Dual Compact 2 | C2: Out | D2: preloved tahun 2022
A3: 3 | B3: Mom Uung Corong | C3: Out
A4: 4 | B4: Gabag Maximo 1 | C4: In | D4: Preloved 2023 | E4: Back 26 maret
A5: 5 | B5: Gabag Maximo 2 | C5: In | D5: Preloved 2023
A6: 6 | B6: Spectra S1+ | C6: Out | D6: Beli di pameran 2024 | E6: 46102
A7: 7 | B7: Gabag Imax Pro Cup LED | C7: In | D7: Pameran 2024
A8: 8 | B8: Malish Flexigo | C8: In | D8: Preloved 2020
A9: 9 | B9: Nevia Portable Warmer | C9: In
A10: 10 | B10: Bebetons Neo v2 | C10: In | D10: Preloved maret 2023 | E10: Back 12 maret
A11: 11 | B11: Momabae omni 1 | C11: Out | D11: Preloved 2024 | E11: Back 12 maret
A12: 12 | B12: Momabae omni 2 | C12: Out | D12: Preloved 2024
A13: 13 | B13: Mom Uung Handsfree | C13: In
A14: 14 | B14: Spectra 9+ | C14: Out | D14: Sticker no 14&2 | E14: Preloved 2021 | F14: 46096
A15: 15 | B15: Spectra H1 Lite | C15: Out | D15: Preloved 2023
A16: 16
A17: 17 | B17: Nevia Portable Warmer 2 | C17: Out
A18: 18 | B18: Spectra Dual S | C18: Out | D18: Preloved 2020 | E18: Back 11 maret
A19: 19 | B19: Spectra 9+ 2 | C19: Out | D19: Karet belakangnya hilang 1 | E19: Preloved 2021
A20: 20
A21: 21 | B21: Momabae Omni 3 | C21: Out | D21: Preloved 2024 | E21: Back 8 maret
A22: 22 | B22: Momabae Omni 4 | C22: Out | D22: Preloved 2024 | E22: Back 12 maret
A23: 23 | B23: Momabae Omni 5 | C23: Out | D23: Preloved 2024 | E23: Back 9 maret
A24: 24 | B24: Momabae Omni 6 | C24: Out | D24: Preloved 2024 | E24: Back 2 maret
A25: 25 | B25: Medela Swing Maxi hf | C25: Out | D25: Preloved maret 2025 | E25: 46079
A26: 26 | B26: Momcozy v1 pro | C26: Out | D26: Preloved 2025 | E26: Back 7 maret
A27: 27 | B27: Medela swing maxi double | C27: In | D27: Preloved des 2025
A28: 28 | B28: Opia diamond | C28: Out | D28: Preloved 2023 | E28: Back 28 maret
A29: 29 | B29: Spectra dual compact 3 | C29: Out | D29: Preloved juni 2024
A30: 30 | B30: Momcozy v1 pro | C30: Out | D30: New 2026 | E30: Back 5 maret
A31: 31 | B31: Momabae Omni S+ 1 | C31: In | D31: New 2026
A32: 32 | B32: Momabae Omni S+ 2 | C32: Out | D32: New 2026
A33: 33 | B33: Momcozy V2 Pro | C33: Out | D33: New 2026
A34: 34 | B34: Momcozy M9 2 | C34: Out | D34: New 2026
A35: 35 Momcozy V2 Pro | B35: Momcozy M9 | C35: Out | D35: New 2026
A36: 36 | B36: Momcozy v2 pro 2 | C36: Out | D36: Preloved 2026
A37: 37 | B37: Mooimom m3 pro 1 | C37: Out | D37: New 2026
A38: 38 | B38: Mooimom m3 pro 2 | C38: Out | D38: New 2026
A39: 39 | B39: Mooimom x1 1 | C39: Out | D39: Preloved 2026
A40: 40 | B40: Momabae compact s+ | C40: Out
A41: 41 | B41: Gabag maximo 3 | C41: In | E41: 46090
B42: Gabag maximo 4 | C42: In

Sheet modal
A1: UNIT | B1: MODAL | C1: Harga jual | D1: on shopee | F1: Hasil akhir | K1: 1 month
A2: Spectra Dual Compact 1 | B2: 1500000 | C2: 80000 | D2: 100000 | E2: =(D2-C2)/C2 -> 0.25 | F2: =(D2-9.5%*D2)-1250 -> 89250 | I2: Spectra Dual Compact 1 | J2: 2600000 | K2: =J2*10% -> 260000 | L2: =(K2/2)+20000 -> 150000 | M2: =(K2/4)+20000 -> 85000
A3: Spectra Dual Compact 2 | B3: 1700000 | C3: 140000 | D3: 175000 | E3: =(D3-C3)/C3 -> 0.25 | F3: =(D3-9.5%*D3)-1250 -> 157125 | G3: =((Pemasukan!G3)-(B2+B3+B4)) -> 4313000 | I3: Mom Uung Corong | J3: 600000 | K3: =J3*10% -> 60000 | L3: =(K3/2)+20000 -> 50000 | M3: =(K3/4)+20000 -> 35000
A4: Spectra dual compact 3 | B4: 1650000 | C4: 250000 | D4: 310000 | E4: =(D4-C4)/C4 -> 0.24 | F4: =(D4-9.5%*D4)-1250 -> 279300 | I4: Gabag Maximo 1 | J4: 800000 | K4: =J4*10% -> 80000 | L4: =(K4/2)+20000 -> 60000 | M4: =(K4/4)+20000 -> 40000
A5: Mom Uung Corong | B5: 278000 | C5: 50000 | D5: 65000 | E5: =(D5-C5)/C5 -> 0.3 | F5: =(D5-9.5%*D5)-1250 -> 57575 | I5: Spectra S1+ | J5: 3115000 | K5: =J5*10% -> 311500 | L5: =(K5/2)+20000 -> 175750 | M5: =(K5/4)+20000 -> 97875
C6: 75000 | D6: 95000 | E6: =(D6-C6)/C6 -> 0.26666667 | F6: =(D6-9.5%*D6)-1250 -> 84725 | I6: Gabag Imax Pro Cup LED | K6: =J6*10% -> 0 | L6: =(K6/2)+20000 -> 20000 | M6: =(K6/4)+20000 -> 20000
C7: 125000 | D7: 160000 | E7: =(D7-C7)/C7 -> 0.28 | F7: =(D7-9.5%*D7)-1250 -> 143550 | I7: Malish Flexigo | K7: =J7*10% -> 0 | L7: =(K7/2)+20000 -> 20000 | M7: =(K7/4)+20000 -> 20000
A8: Gabag Maximo 1 | B8: 500000 | C8: 60000 | D8: 75000 | E8: =(D8-C8)/C8 -> 0.25 | F8: =(D8-9.5%*D8)-1250 -> 66625 | G8: =((Pemasukan!G4)-(B8+B9+B10)) -> 1020000 | I8: Nevia Portable Warmer 1 | K8: =J8*10% -> 0 | L8: =(K8/2)+20000 -> 20000 | M8: =(K8/4)+20000 -> 20000
A9: Gabag Maximo 2 | B9: 800000 | C9: 100000 | D9: 125000 | E9: =(D9-C9)/C9 -> 0.25 | F9: =(D9-9.5%*D9)-1250 -> 111875 | I9: Bebetons Neo v2 | K9: =J9*10% -> 0 | L9: =(K9/2)+20000 -> 20000 | M9: =(K9/4)+20000 -> 20000
A10: Gabag Maximo 3 & 4 | B10: 1100000 | C10: 170000 | D10: 215000 | E10: =(D10-C10)/C10 -> 0.26470588 | F10: =(D10-9.5%*D10)-1250 -> 193325 | I10: Momabae omni 1 & 2 | J10: 1100000 | K10: =J10*10% -> 110000 | L10: =(K10/2)+20000 -> 75000 | M10: =(K10/4)+20000 -> 47500
A11: Spectra S1+ | B11: 1400000 | C11: 100000 | D11: 125000 | E11: =(D11-C11)/C11 -> 0.25 | F11: =(D11-9.5%*D11)-1250 -> 111875 | I11: Mom Uung Handsfree | J11: 700000 | K11: =J11*10% -> 70000 | L11: =(K11/2)+20000 -> 55000 | M11: =(K11/4)+20000 -> 37500
C12: 180000 | D12: 225000 | E12: =(D12-C12)/C12 -> 0.25 | F12: =(D12-9.5%*D12)-1250 -> 202375 | I12: Spectra 9+ 1 | J12: 2100000 | K12: =J12*10% -> 210000 | L12: =(K12/2)+20000 -> 125000 | M12: =(K12/4)+20000 -> 72500
C13: 310000 | D13: 390000 | E13: =(D13-C13)/C13 -> 0.25806452 | F13: =(D13-9.5%*D13)-1250 -> 351700 | I13: Spectra H1 Lite | J13: 1500000 | K13: =J13*10% -> 150000 | L13: =(K13/2)+20000 -> 95000 | M13: =(K13/4)+20000 -> 57500
A14: Gabag Imax Pro Cup LED | B14: 562000 | C14: 60000 | D14: 75000 | E14: =(D14-C14)/C14 -> 0.25 | F14: =(D14-9.5%*D14)-1250 -> 66625 | G14: =((Pemasukan!G10)-(B14+B15+B16)) -> -62000 | I14: Momabae Compact S+ 1 | J14: 1400000 | K14: =J14*10% -> 140000 | L14: =(K14/2)+20000 -> 90000 | M14: =(K14/4)+20000 -> 55000
C15: 100000 | D15: 125000 | E15: =(D15-C15)/C15 -> 0.25 | F15: =(D15-9.5%*D15)-1250 -> 111875 | I15: Spectra Dual S | J15: 3000000 | K15: =J15*10% -> 300000 | L15: =(K15/2)+20000 -> 170000 | M15: =(K15/4)+20000 -> 95000
C16: 170000 | D16: 215000 | E16: =(D16-C16)/C16 -> 0.26470588 | F16: =(D16-9.5%*D16)-1250 -> 193325 | I16: Medela swing maxi hf | J16: 5000000 | K16: =J16*10% -> 500000 | L16: =(K16/2)+20000 -> 270000 | M16: =(K16/4)+20000 -> 145000
A17: Malish Flexigo | B17: 160000 | C17: 40000 | D17: 50000 | E17: =(D17-C17)/C17 -> 0.25 | F17: =(D17-9.5%*D17)-1250 -> 44000 | I17: Momcozy v1 pro | J17: 3200000 | K17: =J17*10% -> 320000 | L17: =(K17/2)+20000 -> 180000 | M17: =(K17/4)+20000 -> 100000
C18: 60000 | D18: 70000 | E18: =(D18-C18)/C18 -> 0.16666667 | F18: =(D18-9.5%*D18)-1250 -> 62100 | I18: Medela swing maxi double | J18: 5000000 | K18: =J18*10% -> 500000 | L18: =(K18/2)+20000 -> 270000 | M18: =(K18/4)+20000 -> 145000
C19: 100000 | D19: 115000 | E19: =(D19-C19)/C19 -> 0.15 | F19: =(D19-9.5%*D19)-1250 -> 102825 | I19: Opia diamond | J19: 2700000 | K19: =J19*10% -> 270000 | L19: =(K19/2)+20000 -> 155000 | M19: =(K19/4)+20000 -> 87500
A20: Nevia Portable Warmer 1 | B20: 600000 | C20: 50000 | D20: 65000 | E20: =(D20-C20)/C20 -> 0.3 | F20: =(D20-9.5%*D20)-1250 -> 57575 | G20: =((Pemasukan!G6+Pemasukan!G7)-(B20+B21)) -> 40000 | I20: Momcozy m9 | J20: 2400000 | K20: =J20*10% -> 240000 | L20: =(K20/2)+20000 -> 140000 | M20: =(K20/4)+20000 -> 80000
A21: Nevia Portable Warmer 2 | B21: 400000 | C21: 70000 | D21: 90000 | E21: =(D21-C21)/C21 -> 0.28571429 | F21: =(D21-9.5%*D21)-1250 -> 80200 | I21: Momabae Omni S+ | J21: 1300000 | K21: =J21*10% -> 130000 | L21: =(K21/2)+20000 -> 85000 | M21: =(K21/4)+20000 -> 52500
C22: 115000 | D22: 145000 | E22: =(D22-C22)/C22 -> 0.26086957 | F22: =(D22-9.5%*D22)-1250 -> 129975 | I22: Momcozy V2 Pro | J22: 3100000 | K22: =J22*10% -> 310000 | L22: =(K22/2)+20000 -> 175000 | M22: =(K22/4)+20000 -> 97500
C23: 60000 | D23: 75000 | E23: =(D23-C23)/C23 -> 0.25 | F23: =(D23-9.5%*D23)-1250 -> 66625
C24: 80000 | D24: 100000 | E24: =(D24-C24)/C24 -> 0.25 | F24: =(D24-9.5%*D24)-1250 -> 89250
C25: 125000 | D25: 155000 | E25: =(D25-C25)/C25 -> 0.24 | F25: =(D25-9.5%*D25)-1250 -> 139025
A26: Bebetons Neo v2 | B26: 310000 | C26: 50000 | D26: 65000 | E26: =(D26-C26)/C26 -> 0.3 | F26: =(D26-9.5%*D26)-1250 -> 57575 | G26: =((Pemasukan!G15)-(B26+B27+B28)) -> 10000
C27: 75000 | D27: 95000 | E27: =(D27-C27)/C27 -> 0.26666667 | F27: =(D27-9.5%*D27)-1250 -> 84725
C28: 125000 | D28: 160000 | E28: =(D28-C28)/C28 -> 0.28 | F28: =(D28-9.5%*D28)-1250 -> 143550
A29: Momabae omni 1 & 2 | B29: 1250000 | C29: 60000 | D29: 75000 | E29: =(D29-C29)/C29 -> 0.25 | F29: =(D29-9.5%*D29)-1250 -> 66625 | G29: =((Pemasukan!G9)-(B29+B30+B31)) -> 6376500
A30: Momabae omni 3 & 4 | B30: 1400000 | C30: 100000 | D30: 125000 | E30: =(D30-C30)/C30 -> 0.25 | F30: =(D30-9.5%*D30)-1250 -> 111875
A31: Momabae omni 5 & 6 | B31: 1200000 | C31: 170000 | D31: 215000 | E31: =(D31-C31)/C31 -> 0.26470588 | F31: =(D31-9.5%*D31)-1250 -> 193325
A32: Mom Uung Handsfree | B32: 450000 | C32: 60000 | D32: 75000 | E32: =(D32-C32)/C32 -> 0.25 | F32: =(D32-9.5%*D32)-1250 -> 66625 | G32: =(Pemasukan!G14- B32) -> 905000
C33: 100000 | D33: 125000 | E33: =(D33-C33)/C33 -> 0.25 | F33: =(D33-9.5%*D33)-1250 -> 111875
C34: 170000 | D34: 215000 | E34: =(D34-C34)/C34 -> 0.26470588 | F34: =(D34-9.5%*D34)-1250 -> 193325
A35: Spectra 9+ 1 | B35: 650000 | C35: 75000 | D35: 95000 | E35: =(D35-C35)/C35 -> 0.26666667 | F35: =(D35-9.5%*D35)-1250 -> 84725 | G35: =(Pemasukan!G12-(B35+B36)) -> 3185000
A36: Spectra 9+ 2 | B36: 650000 | C36: 130000 | D36: 165000 | E36: =(D36-C36)/C36 -> 0.26923077 | F36: =(D36-9.5%*D36)-1250 -> 148075
C37: 230000 | D37: 290000 | E37: =(D37-C37)/C37 -> 0.26086957 | F37: =(D37-9.5%*D37)-1250 -> 261200
A38: Spectra H1 Lite | B38: 850000 | C38: 70000 | D38: 90000 | E38: =(D38-C38)/C38 -> 0.28571429 | F38: =(D38-9.5%*D38)-1250 -> 80200 | G38: =((Pemasukan!G13)-(B38+B39+B40)) -> -360000
C39: 120000 | D39: 150000 | E39: =(D39-C39)/C39 -> 0.25 | F39: =(D39-9.5%*D39)-1250 -> 134500
C40: 210000 | D40: 265000 | E40: =(D40-C40)/C40 -> 0.26190476 | F40: =(D40-9.5%*D40)-1250 -> 238575
A41: Momabae Compact S+ 1 | B41: 750000 | C41: 70000 | D41: 90000 | E41: =(D41-C41)/C41 -> 0.28571429 | F41: =(D41-9.5%*D41)-1250 -> 80200 | G41: =((Pemasukan!G11)-(B41+B42+B43)) -> 218000
A42: Momabae Compact S+ 2 | B42: 550000 | C42: 120000 | D42: 150000 | E42: =(D42-C42)/C42 -> 0.25 | F42: =(D42-9.5%*D42)-1250 -> 134500
A43: Momabae compact s+ new | B43: 1177000 | C43: 210000 | D43: 265000 | E43: =(D43-C43)/C43 -> 0.26190476 | F43: =(D43-9.5%*D43)-1250 -> 238575
A44: Spectra Dual S | B44: 1500000 | C44: 100000 | D44: 125000 | E44: =(D44-C44)/C44 -> 0.25 | F44: =(D44-9.5%*D44)-1250 -> 111875 | G44: =((Pemasukan!G16)-(B44+B45+B46)) -> 1281000
C45: 180000 | D45: 225000 | E45: =(D45-C45)/C45 -> 0.25 | F45: =(D45-9.5%*D45)-1250 -> 202375
C46: 310000 | D46: 390000 | E46: =(D46-C46)/C46 -> 0.25806452 | F46: =(D46-9.5%*D46)-1250 -> 351700
A47: Medela swing maxi hf | B47: 2750000 | C47: 130000 | D47: 165000 | E47: =(D47-C47)/C47 -> 0.26923077 | F47: =(D47-9.5%*D47)-1250 -> 148075 | G47: =((Pemasukan!G17)-(B47+B48+B49)) -> -530000
C48: 240000 | D48: 300000 | E48: =(D48-C48)/C48 -> 0.25 | F48: =(D48-9.5%*D48)-1250 -> 270250
C49: 450000 | D49: 565000 | E49: =(D49-C49)/C49 -> 0.25555556 | F49: =(D49-9.5%*D49)-1250 -> 510075
A50: Momcozy v1 pro | B50: 3060000 | C50: 130000 | D50: 165000 | E50: =(D50-C50)/C50 -> 0.26923077 | F50: =(D50-9.5%*D50)-1250 -> 148075 | G50: =((Pemasukan!G18)-(B50+B51+B52)) -> -1180000
A51: 2 | B51: 3500000 | C51: 240000 | D51: 300000 | E51: =(D51-C51)/C51 -> 0.25 | F51: =(D51-9.5%*D51)-1250 -> 270250
C52: 450000 | D52: 565000 | E52: =(D52-C52)/C52 -> 0.25555556 | F52: =(D52-9.5%*D52)-1250 -> 510075
A53: Medela swing maxi double | B53: 2700000 | C53: 130000 | D53: 165000 | E53: =(D53-C53)/C53 -> 0.26923077 | F53: =(D53-9.5%*D53)-1250 -> 148075 | G53: =((Pemasukan!G20)-(B53+B54+B55)) -> -1700000
C54: 240000 | D54: 300000 | E54: =(D54-C54)/C54 -> 0.25 | F54: =(D54-9.5%*D54)-1250 -> 270250
C55: 450000 | D55: 565000 | E55: =(D55-C55)/C55 -> 0.25555556 | F55: =(D55-9.5%*D55)-1250 -> 510075
A56: Opia diamond | B56: 1300000 | C56: 80000 | D56: 100000 | E56: =(D56-C56)/C56 -> 0.25 | F56: =(D56-9.5%*D56)-1250 -> 89250 | G56: =((Pemasukan!G19)-(B56+B57+B58)) -> -60000
C57: 140000 | D57: 175000 | E57: =(D57-C57)/C57 -> 0.25 | F57: =(D57-9.5%*D57)-1250 -> 157125
C58: 250000 | D58: 310000 | E58: =(D58-C58)/C58 -> 0.24 | F58: =(D58-9.5%*D58)-1250 -> 279300
A59: Momabae omni s+ | B59: 1210000 | C59: 70000 | D59: 90000 | E59: =(D59-C59)/C59 -> 0.28571429 | F59: =(D59-9.5%*D59)-1250 -> 80200 | G59: =((Pemasukan!G23)-(B59+B60)) -> -1360000
A60: Momabae omni s+ 2 | B60: 1210000 | C60: 120000 | D60: 150000 | E60: =(D60-C60)/C60 -> 0.25 | F60: =(D60-9.5%*D60)-1250 -> 134500
C61: 210000 | D61: 265000 | E61: =(D61-C61)/C61 -> 0.26190476 | F61: =(D61-9.5%*D61)-1250 -> 238575
A62: Momcozy m9 | B62: 3010000 | C62: 100000 | D62: 125000 | E62: =(D62-C62)/C62 -> 0.25 | F62: =(D62-9.5%*D62)-1250 -> 111875 | G62: =((Pemasukan!G21)-(B62+B63+B64)) -> -1690000
C63: 180000 | D63: 225000 | E63: =(D63-C63)/C63 -> 0.25 | F63: =(D63-9.5%*D63)-1250 -> 202375
C64: 330000 | D64: 415000 | E64: =(D64-C64)/C64 -> 0.25757576 | F64: =(D64-9.5%*D64)-1250 -> 374325
A65: Momcozy v2 pro | B65: 2610000 | C65: 130000 | D65: 165000 | E65: =(D65-C65)/C65 -> 0.26923077 | F65: =(D65-9.5%*D65)-1250 -> 148075 | G65: =((Pemasukan!G23)-(B65+B66+B67)) -> -4200000
B66: 2650000 | C66: 240000 | D66: 300000 | E66: =(D66-C66)/C66 -> 0.25 | F66: =(D66-9.5%*D66)-1250 -> 270250
C67: 450000 | D67: 565000 | E67: =(D67-C67)/C67 -> 0.25555556 | F67: =(D67-9.5%*D67)-1250 -> 510075
A68: Mooimom M3 Pro | B68: 985000 | C68: 70000 | D68: 90000 | E68: =(D68-C68)/C68 -> 0.28571429 | F68: =(D68-9.5%*D68)-1250 -> 80200 | G68: =((Pemasukan!G24)-(B68+B69+B70)) -> -1060000
A69: Mooimom M3 Pro 2 | B69: 985000 | C69: 120000 | D69: 150000 | E69: =(D69-C69)/C69 -> 0.25 | F69: =(D69-9.5%*D69)-1250 -> 134500
C70: 210000 | D70: 265000 | E70: =(D70-C70)/C70 -> 0.26190476 | F70: =(D70-9.5%*D70)-1250 -> 238575
A71: Mooimom X1 | B71: 950000 | C71: 70000 | D71: 90000 | E71: =(D71-C71)/C71 -> 0.28571429 | F71: =(D71-9.5%*D71)-1250 -> 80200 | G71: =((Pemasukan!G25)-(B71+B72+B73)) -> -1285000
A72: Mooimom x1 2 | B72: 825000 | C72: 120000 | D72: 150000 | E72: =(D72-C72)/C72 -> 0.25 | F72: =(D72-9.5%*D72)-1250 -> 134500
C73: 210000 | D73: 265000 | E73: =(D73-C73)/C73 -> 0.26190476 | F73: =(D73-9.5%*D73)-1250 -> 238575
A74: Medela handsfree cup | B74: 1450000 | C74: 70000 | D74: 90000 | E74: =(D74-C74)/C74 -> 0.28571429 | F74: =(D74-9.5%*D74)-1250 -> 80200 | G74: =((Pemasukan!G25)-(B74+B75+B76)) -> -960000
C75: 120000 | D75: 150000 | E75: =(D75-C75)/C75 -> 0.25 | F75: =(D75-9.5%*D75)-1250 -> 134500
C76: 210000 | D76: 265000 | E76: =(D76-C76)/C76 -> 0.26190476 | F76: =(D76-9.5%*D76)-1250 -> 238575
A77: Eufy s1 pro | B77: 4600000 | C77: 130000 | D77: 165000 | E77: =(D77-C77)/C77 -> 0.26923077 | F77: =(D77-9.5%*D77)-1250 -> 148075
C78: 240000 | D78: 300000 | E78: =(D78-C78)/C78 -> 0.25 | F78: =(D78-9.5%*D78)-1250 -> 270250
C79: 450000 | D79: 565000 | E79: =(D79-C79)/C79 -> 0.25555556 | F79: =(D79-9.5%*D79)-1250 -> 510075
B80: =SUM(B2:B79) -> 55182000

Sheet Pemasukan
A1: Pemasukan
A2: Tanggal | B2: Keterangan | C2: Durasi | D2: Jumlah | E2: TOTAL PEMASUKAN | F2: jenis | G2: penghasilan
A3: 45585 | B3: Spectra dual compact | C3: 1 minggu | D3: 80000 | E3: =D12+D24+D37+D54+D79+D100+D128+D154+D190+D223+D260+D285+D315+D344+D389+D443+D476 -> 58245500 | F3: Dual compact | G3: =sumif(B3:B517,"spectra dual compact",D3:D637) -> 9163000
A4: 45597 | B4: Spectra dual compact | C4: 1 minggu | D4: 80000 | F4: gabag maximo | G4: =sumif(B3:B517,"gabag maximo",D3:D4537) -> 3420000
A5: 45609 | B5: gabag maximo | C5: 1 bulan | D5: 170000 | F5: spectra s1+ | G5: =sumif(B3:B517,"spectra s1+",D3:D537) -> 3580000
A6: 45609 | B6: gabag maximo | C6: 1 minggu | D6: 60000 | F6: warmer | G6: =sumif(B3:B517,"Nevia portable warmer",D3:D517) -> 510000
A7: 45614 | B7: gabag maximo | C7: 1 bulan | D7: 170000 | F7: warmer + adptr | G7: =sumif(B3:B517,"nevia portable warmer + adaptor",D3:D517) -> 530000
A8: 45626 | B8: Spectra dual compact | C8: 2 minggu | D8: 140000 | F8: Mom uung p | G8: =sumif(B3:B517,"mom uung portable",D3:D517) -> 930000
A9: 45627 | B9: spectra s1+ | C9: 1 bulan | D9: 310000 | F9: Momabae omni | G9: =sumif(B3:B517,"momabae omni",D3:D517) -> 10226500
A10: 45638 | B10: Spectra dual compact | C10: 2 minggu | D10: 140000 | F10: gabag imax | G10: =sumif(B3:B517,"gabag imax pro cup led",D3:D517) -> 500000
A11: 45654 | B11: Spectra dual compact | C11: 1 bulan | D11: 250000 | F11: compact s+ | G11: =sumif(B3:B517,"momabae compact s+",D3:D517) -> 2695000
B12: TOTAL | D12: =SUM(D3:D11) -> 1400000 | F12: spectra 9+ | G12: =sumif(B3:B517,"spectra 9+",D3:D517) -> 4485000
F13: h1 lite | G13: =sumif(B3:B517,"spectra h1 lite",D3:D517) -> 490000
A14: 45659 | B14: spectra s1+ | C14: 2 bulan free 2 minggu | D14: 620000 | F14: mom uung hf | G14: =sumif(B3:B517,"mom uung handsfree",D3:D517) -> 1355000
A15: 45680 | B15: gabag maximo | C15: 1 minggu | D15: 60000 | F15: bebetons v2 | G15: =sumif(B3:B517,"bebetons neo v2",D3:D517) -> 320000
A16: 45687 | B16: Spectra dual compact | C16: 1 bulan | D16: 250000 | F16: dual s | G16: =sumif(B3:B517,"spectra dual s",D3:D517) -> 2781000
A17: 45691 | B17: Nevia portable warmer | C17: 1 minggu | D17: 70000 | F17: medela sm hf | G17: =sumif(B3:B517,"medela swing maxi hf",D3:D517) -> 2220000
A18: 45692 | B18: Mom Uung portable | C18: 1 minggu | D18: 55000 | F18: momcozy v1 | G18: =sumif(B3:B517,"momcozy v1 pro",D3:D517) -> 5380000
A19: 45692 | B19: Bebetons neo v2 | C19: 1 minggu | D19: 70000 | F19: Opia | G19: =sumif(B3:B517,"opia diamond",D3:D517) -> 1240000
A20: 45701 | B20: Nevia portable warmer + adaptor | C20: 1 minggu | D20: 80000 | F20: Medela sm double | G20: =sumif(B3:B517,"medela swing maxi double",D3:D517) -> 1000000
A21: 45705 | B21: Spectra dual compact | C21: 1 minggu | D21: 80000 | F21: Momcozy m9 | G21: =sumif(B4:B518,"Momcozy m9",D4:D518) -> 1320000
A22: 45714 | B22: Spectra dual compact | C22: 1 minggu | D22: 80000 | F22: Momcozy v2 | G22: =sumif(B5:B519,"Momcozy v2 pro",D5:D519) -> 1950000
A23: 45716 | B23: Gabag maximo | C23: 1 minggu | D23: 60000 | F23: Omni s+ | G23: =sumif(B6:B520,"Momabae Omni S+",D6:D520) -> 1060000
B24: TOTAL | D24: =SUM(D14:D23) -> 1425000 | F24: Mooimom m3 | G24: =sumif(B7:B521,"Mooimom m3 pro",D7:D521) -> 910000
F25: Mooimom x1 | G25: =sumif(B8:B522,"Mooimom x1",D8:D522) -> 490000
A26: 45719 | B26: Spectra dual compact | C26: 1 bulan | D26: 250000 | F26: medela hf cup | G26: =sumif(B9:B523,"Medela Handsfree cup",D9:D523) -> 310000
A27: 45722 | B27: Spectra Dual Compact | C27: 2 minggu | D27: 140000
A28: 45731 | B28: Momabae omni | C28: 1 minggu | D28: 60000
A29: 45731 | B29: Spectra s1+ | C29: 1 bulan | D29: 310000
A30: 45732 | B30: Momabae omni | C30: 1 minggu | D30: 60000
A31: 45732 | B31: Momabae omni | C31: 1 minggu | D31: 60000
A32: 45733 | B32: Gabag maximo | C32: 2 minggu | D32: 100000
A33: 45738 | B33: Gabag imax pro cup led | C33: 1 bulan | D33: 170000
A34: 45740 | B34: Momabae omni | C34: 1 bulan | D34: 170000
A35: 45742 | B35: Spectra Dual Compact | C35: 1 bulan | D35: 250000
A36: 45742 | B36: nevia portable warmer | C36: 1 minggu | D36: 60000
B37: TOTAL | D37: =SUM(D26:D36) -> 1630000
A39: 45757 | B39: Nevia portable warmer + adaptor | C39: 1 bulan | D39: 125000
A40: 45763 | B40: Spectra Dual Compact | C40: 1 minggu | D40: 80000
A41: 45763 | B41: Spectra s1+ | C41: 1 bulan free 1 minggu | D41: 310000
A42: 45766 | B42: Momabae omni | C42: 1 minggu | D42: 60000
A43: 45767 | B43: Gabag maximo | C43: 1 minggu | D43: 70000
A44: 45767 | B44: Gabag maximo | C44: 1 minggu | D44: 70000
A45: 45770 | B45: Mom Uung Portable | C45: 1 bulan free 1 minggu | D45: 125000
A46: 45770 | B46: Spectra Dual Compact | C46: 1 bulan free 1 minggu | D46: 250000
A47: 45772 | B47: Gabag Imax Pro Cup LED | C47: 1 bulan | D47: 170000
A48: 45774 | B48: Momabae Compact S+ | C48: 1 bulan free 1 minggu | D48: 210000
A49: 45774 | B49: Spectra 9+ | C49: 2 minggu | D49: 130000
A50: 45775 | B50: Momabae Omni | C50: 2 minggu | D50: 100000
... A53: 45776 | B53: Spectra H1 Lite | C53: 1 minggu | D53: 70000
B54: Total | D54: =SUM(D39:D53) -> 1970000
A56: 45779 | B56: Gabag maximo | C56: 2 minggu | D56: 100000
A57: 45786 | B57: Momabae omni | C57: 1 minggu | D57: 60000
A58: 45786 | B58: Nevia portable warmer | C58: 1 minggu | D58: 50000
A59: 45789 | B59: Spectra 9+ | C59: 1 minggu | D59: 80000
A60: 45790 | B60: Gabag maximo | C60: 1 minggu | D60: 60000
A61: 45791 | B61: Momabae compact s+ | C61: 1 minggu | D61: 70000
A62: 45795 | B62: Nevia portable warmer + adaptor | C62: 1 minggu | D62: 60000
A63: 45795 | B63: Spectra dual compact | C63: 1 minggu | D63: 80000
A64: 45796 | B64: Momabae omni | C64: 1 minggu | D64: 60000
A65: 45797 | B65: Mom uung handsfree | C65: 1 minggu | D65: 60000
A66: 45797 | B66: Spectra 9+ | C66: 1 minggu | D66: 140000
A67: 45797 | B67: Gabag Maximo | C67: 1 minggu | D67: 60000
... A78: 45808 | B78: Spectra dual compact | C78: 2 minggu | D78: 140000
B79: Total | D79: =SUM(D56:D78) -> 2465000
A81: 45809 | B81: Gabag maximo | C81: 1 minggu | D81: 60000
A82: 45811 | B82: Gabag maximo | C82: 1 minggu | D82: 60000
A83: 45813 | B83: Momabae omni | C83: 1 bulan | D83: 170000
A84: 45814 | B84: Momabae compact s+ | C84: 6 hari | D84: 60000
A85: 45816 | B85: Spectra dual compact | C85: 1 minggu | D85: 80000
A86: 45819 | B86: Gabag maximo | C86: 1 bulan | D86: 170000
A87: 45821 | B87: Bebetons neo v2 | C87: 1 minggu | D87: 50000
A88: 45823 | B88: Mom uung handsfree | C88: 2 minggu | D88: 100000
A89: 45823 | B89: Momabae Omni | C89: 1 bulan | D89: 170000
A90: 45824 | B90: Mom uung portable | C90: 1 minggu | D90: 50000
A91: 45825 | B91: Momabae compact s+ | C91: tukeran maximo 1 bln | D91: 50000
A92: 45826 | B92: Gabag maximo | C92: 1 minggu | D92: 60000
... A99: 45838 | B99: Spectra 9+ | C99: 2 minggu | D99: 130000
B100: Total | D100: =SUM(D81:D99) -> 1845000
A102: 45839 | B102: Momabae compact s+ | C102: 1 minggu | D102: 70000
A103: 45840 | B103: Gabag imax pro cup led | C103: 1 minggu | D103: 60000
A104: 45840 | B104: Spectra 9+ | C104: 1 minggu | D104: 75000
A105: 45843 | B105: Gabag maximo | C105: 1 minggu | D105: 60000
A106: 45844 | B106: Momabae omni | C106: 1 bulan | D106: 170000
A107: 45844 | B107: Momabae omni | C107: 1 bulan | D107: 170000
A108: 45844 | B108: Spectra Dual Compact | C108: 1 minggu | D108: 80000
A109: 45844 | B109: Spectra dual compact | C109: 1 minggu | D109: 80000
A110: 45848 | B110: Gabag maximo | C110: 1 bulan | D110: 170000
A111: 45849 | B111: Mom uung handsfree | C111: 2 minggu | D111: 100000
A112: 45849 | B112: Momabae compact s+ | C112: 1 minggu | D112: 70000
A113: 45850 | B113: Momabae compact s+ | C113: 1 minggu | D113: 70000
... A127: 45867 | B127: Spectra dual compact | C127: 2 minggu | D127: 140000
B128: Total | D128: =SUM(D102:D127) -> 2730000
A130: 45873 | B130: Momabae omni | C130: 1 minggu | D130: 60000
A131: 45873 | B131: Momabae omni | C131: 1 bulan free 1 minggu | D131: 170000
A132: 45874 | B132: Momabae omni | C132: 1 minggu | D132: 60000
A133: 45877 | B133: Spectra dual compact | C133: 1 minggu | D133: 80000
A134: 45877 | B134: Momabae omni | C134: 1 bulan | D134: 170000
A135: 45877 | B135: Momabae omni | C135: 1 bulan | D135: 170000
A136: 45877 | B136: Mom uung handsfree | C136: 2 minggu | D136: 100000
...

Sheet Pengeluaran
A1: Pengeluaran
A2: Tanggal | B2: Keterangan | C2: Modal | D2: Pengeluaran
A3: 45658 | B3: spectra dc | C3: 1700000
A4: 45689 | B4: momabae omni | C4: 1250000
A5: 45690 | B5: beli sparepart cadangan | D5: 110000
B6: Iklan Shopee | D6: 110000
A7: 45690 | B7: Botol pumping | D7: 95000
B8: Sparepart pompa | D8: 153000
B9: kantong asip kolibri beli di imbex | D9: 100000
A10: 45709 | B10: Kasip blibli | D10: 152500
A11: 45714 | B11: Iklan shopee | D11: 26100
A12: 45719 | B12: Sparepart pompa | D12: 57500
A13: 45730 | B13: Iklan shopee | D13: 55500
A14: 45732 | B14: Admin bank | D14: 10000
A15: 45756 | B15: Sticker dan freebies | D15: 76000
A16: 45761 | B16: Iklan shopee | D16: 55500
A17: 45764 | B17: Mom uung handsfree | C17: 450000
A18: 45765 | B18: Sparepart pompa | D18: 426350
B19: Gabag maximo 2pcs | C19: 1100000
A20: 45772 | B20: Sparepart pompa | C20: 134000
B21: Spectra h1 lite | C21: 850000
B22: Momabae compact s+ | C22: 750000
B23: Spectra 9+ | C23: 650000
A24: 45780 | B24: Ongkir valve bandung | D24: 23500
A25: 45782 | B25: Sparepart momabae compact | D25: 57000
A26: 45783 | B26: Iklan shopee | D26: 27750
A27: 45786 | B27: Iklan shopee | D27: 27750
A28: 45786 | B28: hasil sewa mami | D28: 50000
A29: 45794 | B29: Iklan shopee | D29: 55500
A30: 45799 | B30: Sparepart pompa | D30: 260000
A31: 45805 | B31: Ongkir service | D31: 86000
A32: 45819 | B32: Spectra dual s | C32: 1500000
A33: 45819 | B33: Sparepart spectra | D33: 300000
A34: 45821 | B34: Iklan shopee | D34: 27750
A35: 45825 | B35: Sparepart pompa | D35: 53000
A36: 45827 | B36: Service gabag | D36: 200000
A37: 45839 | B37: Spectra 9+ | C37: 940000
A38: 45839 | B38: Momabae compact s+ | C38: 550000
A39: 45842 | B39: Momabae omni | C39: 1400000
A40: 45851 | B40: Momabae omni | C40: 1200000
A41: 45856 | B41: Iklan shopee | D41: 55500
B42: Sparepart pompa | D42: 235300
A43: 45842 | B43: Iklan shopee | D43: 55500
A44: 45896 | B44: Iklan shopee | D44: 55000
A45: 45901 | B45: Iklan shopee | D45: 27750
A46: 45901 | B46: Sparepart pompa | D46: 474000
A47: 45913 | B47: Medela swing maxi | C47: 2750000
A48: 45913 | B48: Momcozy v1 pro | C48: 3060000
A49: 45920 | B49: Pouch freebies 20pcs | D49: 8500
A50: 45921 | B50: Admin bank | D50: 10000
A51: 45937 | B51: Corong momabae omni | D51: 73500
A52: 45937 | B52: Pouch bonus | D52: 17500
A53: 45940 | B53: Kantong asi, sparepart pompa | D53: 620000
A54: 45945 | B54: Printer resi | C54: 562000
A55: 45947 | B55: Iklan shopee | D55: 27750
A56: 45948 | B56: Esim im3 | D56: 35000
A57: 45952 | B57: Ads instagram | D57: 50000
A58: 45955 | B58: Box gede | D58: 22000
A59: 45966 | B59: Medela swing maxi double | C59: 2700000
A60: 45966 | B60: opia diamond | C60: 1300000
A61: 45967 | B61: Box pompa | D61: 50000
A62: 45969 | B62: Ganti baterai, motor, pcb spectra s1+ | D62: 1883000
A63: 45972 | B63: Valve pompa | D63: 325000
A64: 45979 | B64: Ongkir servis pompa opia diamond | D64: 23000
A65: 45980 | B65: Ganti batre opia diamond | D65: 300000
A66: 45980 | B66: Bayarin iuran kartu kredit | D66: 125000
A67: 45981 | B67: Ongkir servis opia | D67: 32000
A68: 45986 | B68: Warmer mami | D68: 70000
A69: 45986 | B69: Sparepart momabae compact s+ | D69: 298000
A70: 46007 | B70: Service momabae compact s+ | D70: 212000
A71: 46013 | B71: Box mr diy | D71: 19000
A72: 46013 | B72: Pulsa im3 | D72: 20000
... A75: 46029 | B75: Penyesuaian saldo | D75: 66500
A76: 46035 | B76: MIRA | E76: 500000
A77: 46036 | B77: Iklan shopee | D77: 83250
A78: 46037 | B78: Corong momabae omni | D78: 113000
A79: 46038 | B79: Mira | E79: 680000
A80: 46039 | B80: Spectra dual compact | C80: 1650000
A81: 46040 | B81: Sparepart momabae omni | D81: 352500
A82: 46042 | B82: Pulsa | D82: 20000
A83: 46042 | B83: Gojek kirim sparepart rusak ke cust | D83: 25000
A84: 46046 | B84: Sparepart spectra dual compact | D84: 295000
A85: 46046 | B85: Pouch bonus | D85: 16500
A86: 46055 | B86: momcozy v1 pro | C86: 3500000
A87: 46055 | B87: valve mom uung | D87: 177000
A88: 46062 | B88: Mira | E88: 1592500
A89: 46063 | B89: Iklan | D89: 100000
A90: 46068 | B90: Dp posting instagram | D90: 250000
A91: 46072 | B91: Sparepart opia diamond | D91: 51600
A92: 46074 | B92: iklan shopee | D92: 55500
A93: 46074 | B93: Pulsa admin | D93: 25000
A94: 46079 | B94: Ongkir refund momabae compact s+ | D94: 26500
A95: 46080 | B95: Valve opia diamond | D95: 84000
A96: 46080 | B96: Dp Handsfree cup medela | C96: 643000
A97: 46084 | B97: Momabae omni s+ 2 unit | C97: 2420000
A98: 46084 | B98: Sparepart momabae compact s+ | D98: 29000
A99: 46088 | B99: Momcozy m9 2 unit | C99: 3010000
A100: 46088 | B100: Momcozy v2 pro | C100: 2610000
A101: 46094 | B101: Traktiran | E101: 75000
A102: 46095 | B102: Iklan instagram | D102: 100000
...

Sheet Pumps to buy
A1: No. | B1: Merk | C1: Unit | D1: Official Price | E1: Bought | F1: Not Buying
B2: Momabae | F2: Circlo S+ | G2: 745000
C3: Compact S+ | D3: 1390000 | E3: =D3*2 -> 2780000
C4: Diamond | D4: 670000
C5: Eclat N+ | D5: 1430000
C6: Omni | D6: 1080000 | E6: =D6*6 -> 6480000
B7: Mutter | C7: Gold Links | D7: 1540000
C8: Krystal HK | D8: 1550000
C9: Topaz Go | D9: 690000
C10: Topaz | D10: 915000
C11: Pearl | D11: 1250000
B12: Mooimom | C12: M3 pro airflow | D12: 1000000 | E12: =D12*2 -> 2000000
F13: M2 | G13: 600000
C14: X1 | D14: 1575000 | E14: =D14*2 -> 3150000
F15: B9 Pro | G15: 800000
B16: Spectra | C16: H1 Lite | D16: 1600000 | E16: 1600000
C17: Dual Compact | D17: 2500000 | E17: =D17*3 -> 7500000
F18: QR | G18: 1300000
C19: 9+ | D19: 2350000 | E19: =D19*2 -> 4700000
C20: Dual S | D20: 3480000 | E20: 3480000
C21: S1 Pro | D21: 3530000
C22: S1+ | D22: 3000000 | E22: 3000000
B23: Opia | C23: Diamond | D23: 2640000 | E23: 2640000
C24: Pearl | D24: 1795000
C25: Topaz | D25: 1155000
B26: Imani | C26: I2+ | D26: 1300000
B27: Haenim | C27: 7V Pro | D27: 2390000
C28: 7X | D28: 2990000
C29: 7S | D29: 1380000
F30: 7A Lite | G30: 1890000
B31: Youha | C31: The Ins Gen 3 | D31: 990000
C32: The Ins Gen 2 | D32: 1160000
F33: Hola | G33: 640000
C34: The One | D34: 1970000
C35: Smart | D35: 980000
F36: AIO | G36: 590000
C37: Duo | D37: 930000
B38: Elmom | C38: M2 Compact | D38: 1300000
C39: M1 | D39: 900000
B40: Horigen | F40: Polaris | G40: 1050000
F41: Power Girl | G41: 1975000
F42: Subtlemate | G42: 975000
F43: Superstar | G43: 1000000
B44: Malish | F44: Epump W | G44: 960000
F45: Epump Gen 2 | G45: 925000
C46: Unica Plus | D46: 1120000
C47: Epump Slim | D47: 1000000
C48: Flexigo | D48: 535000 | E48: 535000
B49: Mom Uung | C49: Portable | D49: 700000 | E49: 700000
C50: Handsfree | D50: 800000 | E50: 800000
B51: Supermama | C51: Airplus | D51: 1190000
C52: Flexi Fit | D52: 580000
B53: Beartons | C53: Miels | D53: 830000
B54: Bebetons | C54: Neo v2 | D54: 630000 | E54: 630000
F55: Palm | G55: 800000
B56: Gabag | C56: Maximo | D56: 1020000 | E56: =D56*4 -> 4080000
C57: Imax PC Led | D57: 700000 | E57: 700000
B58: Bebebao | F58: P1 | G58: 620000
B59: Doopser | C59: Wearable HF | D59: 650000
C60: Double | D60: 750000
B61: Medela | C61: Easy | D61: 1550000
C62: Swing Maxi 2.0 hf | D62: 5990000 | E62: 5990000
C63: Swing Maxi 2.0 double | D63: 5990000 | E63: 5990000 | F63: Solo | G63: 3880000
C64: Pump In Style | D64: 7400000
F65: Flex Single | G65: 3290000
B66: Avent | F66: Natural Twin | G66: 1935000
C67: Double | D67: 2410000
B68: Hegen | C68: Double Pump | D68: 5485000
B69: Unimom | F69: Smart Eco | G69: 675000
B70: Momcozy | C70: V1 pro | D70: 4000000 | E70: =4000000*2 -> 8000000
C71: V2 pro | D71: 4000000 | E71: =D71 -> 4000000
C72: M9 | D72: 3000000 | E72: =D72*2 -> 6000000
D73: =SUM(D2:D70) -> 94760000 | E73: =SUM(E2:E72) -> 74755000
